ID,TIMESTAMP,TIME,PAIR,SIDE,PRICE,QTY($),COST($),FEE($)
122011703,1594197111009,2020-07-08T08:31:51.009Z,BTC-1225,buy,9468.0,0.0001,0.9468000000000001,0.000179892
122212344,1594212128530,2020-07-08T12:42:08.530Z,BTC-1225,buy,9480.0,0.0053,50.244,0.00954636
122884764,1594271096216,2020-07-09T05:04:56.216Z,BTC-1225,sell,9590.0,0.0009,8.631,0.00163989
122956653,1594279037673,2020-07-09T07:17:17.673Z,BTC-1225,sell,9604.5,0.0001,0.96045,0.0005474565
122966576,1594280389456,2020-07-09T07:39:49.456Z,BTC-1225,sell,9610.0,0.0001,0.9610000000000001,0.00018259
123646263,1594339647474,2020-07-10T00:07:27.474Z,BTC-1225,buy,9400.0,0.001,9.4,0.001786
123646313,1594339648064,2020-07-10T00:07:28.064Z,BTC-1225,buy,9400.0,0.001,9.4,0.001786
123715775,1594347913281,2020-07-10T02:25:13.281Z,BTC-1225,buy,9390.0,0.0001,0.9390000000000001,0.00017841
123872692,1594363432378,2020-07-10T06:43:52.378Z,BTC-1225,buy,9340.0,0.0006,5.603999999999999,0.00106476
123993853,1594374340110,2020-07-10T09:45:40.110Z,BTC-1225,sell,9380.0,0.0003,2.8139999999999996,0.00053466
124249945,1594398906648,2020-07-10T16:35:06.648Z,BTC-1225,sell,9410.0,0.0003,2.823,0.00053637
124262773,1594400006423,2020-07-10T16:53:26.423Z,BTC-1225,sell,9420.0,0.0001,0.9420000000000001,0.00017898
124514699,1594428583991,2020-07-11T00:49:43.991Z,BTC-1225,sell,9490.0,0.0007,6.643,0.00126217
124638130,1594442892036,2020-07-11T04:48:12.036Z,BTC-1225,buy,9450.0,0.0002,1.8900000000000001,0.0003591
124820102,1594462654314,2020-07-11T10:17:34.314Z,BTC-1225,buy,9410.0,0.0004,3.7640000000000002,0.00071516
124839354,1594465218599,2020-07-11T11:00:18.599Z,BTC-1225,buy,9400.0,0.0001,0.9400000000000001,0.0001786
125005194,1594483520981,2020-07-11T16:05:20.981Z,BTC-1225,sell,9433.5,0.0001,0.94335,0.0005377095
125005819,1594483537960,2020-07-11T16:05:37.960Z,BTC-1225,sell,9440.0,0.0001,0.9440000000000001,0.00017936
125010148,1594483835026,2020-07-11T16:10:35.026Z,BTC-1225,sell,9450.0,0.0001,0.9450000000000001,0.00017955
125078341,1594490540306,2020-07-11T18:02:20.306Z,BTC-1225,buy,9410.0,0.0002,1.8820000000000001,0.00035758
125082845,1594490891669,2020-07-11T18:08:11.669Z,BTC-1225,buy,9400.0,0.0001,0.9400000000000001,0.0001786
125267225,1594517590018,2020-07-12T01:33:10.018Z,BTC-1225,sell,9470.0,0.0005,4.735,0.00089965
125341351,1594526571112,2020-07-12T04:02:51.112Z,BTC-1225,sell,9480.0,0.0001,0.9480000000000001,0.00018012
125344213,1594527006756,2020-07-12T04:10:06.756Z,BTC-1225,sell,9490.0,0.0001,0.9490000000000001,0.00018031
125426079,1594538769846,2020-07-12T07:26:09.846Z,BTC-1225,buy,9460.0,0.0001,0.9460000000000001,0.00017974
125432097,1594539742336,2020-07-12T07:42:22.336Z,BTC-1225,buy,9450.0,0.0001,0.9450000000000001,0.00017955
125497790,1594549277554,2020-07-12T10:21:17.554Z,BTC-1225,sell,9480.0,0.0001,0.9480000000000001,0.00018012
125720323,1594566024962,2020-07-12T15:00:24.962Z,BTC-1225,buy,9420.0,0.0004,3.7680000000000002,0.00071592
125917043,1594590785259,2020-07-12T21:53:05.259Z,BTC-1225,sell,9480.0,0.0004,3.7920000000000003,0.00072048
125963447,1594594220582,2020-07-12T22:50:20.582Z,BTC-1225,sell,9500.0,0.0002,1.9000000000000001,0.000361
125969463,1594594800258,2020-07-12T23:00:00.258Z,BTC-1225,sell,9510.0,0.0001,0.9510000000000001,0.00018069
126605312,1594643463227,2020-07-13T12:31:03.227Z,BTC-1225,sell,9520.0,0.0001,0.9520000000000001,0.00018088
126744830,1594652500139,2020-07-13T15:01:40.139Z,BTC-1225,sell,9530.0,0.0001,0.9530000000000001,0.00018107
127100179,1594674096695,2020-07-13T21:01:36.695Z,BTC-1225,buy,9450.0,0.0006,5.67,0.0010773
127183586,1594681683365,2020-07-13T23:08:03.365Z,BTC-1225,buy,9440.0,0.0001,0.9440000000000001,0.00017936
127186648,1594681897265,2020-07-13T23:11:37.265Z,BTC-1225,buy,9430.0,0.0001,0.9430000000000001,0.00017917
127367003,1594699205651,2020-07-14T04:00:05.651Z,BTC-1225,buy,9420.0,0.0001,0.9420000000000001,0.00017898
127476094,1594707488498,2020-07-14T06:18:08.498Z,BTC-1225,buy,9400.0,0.0002,1.8800000000000001,0.0003572
127498242,1594709864855,2020-07-14T06:57:44.855Z,BTC-1225,buy,9390.0,0.0001,0.9390000000000001,0.00017841
127775701,1594732625826,2020-07-14T13:17:05.826Z,BTC-1225,sell,9430.0,0.0002,1.8860000000000001,0.00035834
127914115,1594744589924,2020-07-14T16:36:29.924Z,BTC-1225,sell,9450.0,0.0002,1.8900000000000001,0.0003591
128049803,1594754972963,2020-07-14T19:29:32.963Z,BTC-1225,sell,9480.0,0.0003,2.844,0.00054036
128375848,1594785547632,2020-07-15T03:59:07.632Z,BTC-1225,buy,9450.0,0.0001,0.9450000000000001,0.00017955
128537469,1594800941117,2020-07-15T08:15:41.117Z,BTC-1225,buy,9440.0,0.0001,0.9440000000000001,0.00017936
128572541,1594804785374,2020-07-15T09:19:45.374Z,BTC-1225,buy,9430.0,0.0001,0.9430000000000001,0.00017917
128900687,1594830781779,2020-07-15T16:33:01.779Z,BTC-1225,buy,9410.0,0.0002,1.8820000000000001,0.00035758
128909707,1594831699240,2020-07-15T16:48:19.240Z,BTC-1225,buy,9400.0,0.0001,0.9400000000000001,0.0001786
129025670,1594842305618,2020-07-15T19:45:05.618Z,BTC-1225,buy,9390.0,0.0001,0.9390000000000001,0.00017841
129029466,1594842676677,2020-07-15T19:51:16.677Z,BTC-1225,buy,9380.0,0.0001,0.9380000000000001,0.00017822
129244358,1594864845642,2020-07-16T02:00:45.642Z,BTC-1225,sell,9434.5,0.0003,2.8303499999999997,0.0016132995
129738598,1594896158470,2020-07-16T10:42:38.470Z,BTC-1225,buy,9280.0,0.0014,12.991999999999999,0.00246848
130040549,1594918090622,2020-07-16T16:48:10.622Z,BTC-1225,sell,9330.0,0.0003,2.799,0.00053181
130108316,1594923601497,2020-07-16T18:20:01.497Z,BTC-1225,sell,9340.0,0.0001,0.934,0.00017746
130125600,1594924663128,2020-07-16T18:37:43.128Z,BTC-1225,sell,9360.0,0.0002,1.872,0.00035568
130511230,1594963382818,2020-07-17T05:23:02.818Z,BTC-1225,buy,9330.0,0.0001,0.933,0.00017727
130518179,1594964150514,2020-07-17T05:35:50.514Z,BTC-1225,buy,9320.0,0.0001,0.932,0.00017708
130732601,1594986667853,2020-07-17T11:51:07.853Z,BTC-1225,sell,9350.0,0.0001,0.935,0.00017765
130800305,1594991090390,2020-07-17T13:04:50.390Z,BTC-1225,sell,9400.0,0.0005,4.7,0.000893
130853706,1594995949687,2020-07-17T14:25:49.687Z,BTC-1225,buy,9370.0,0.0001,0.937,0.00017803
131046278,1595019703012,2020-07-17T21:01:43.012Z,BTC-1225,buy,9360.0,0.0001,0.936,0.00017784
131250635,1595042557074,2020-07-18T03:22:37.074Z,BTC-1225,buy,9350.0,0.0001,0.935,0.00017765
131553629,1595076320858,2020-07-18T12:45:20.858Z,BTC-1225,sell,9410.0,0.0004,3.7640000000000002,0.00071516
131752385,1595101148355,2020-07-18T19:39:08.355Z,BTC-1225,sell,9430.0,0.0003,2.8289999999999997,0.00053751
131763257,1595101788814,2020-07-18T19:49:48.814Z,BTC-1225,buy,9400.0,0.0002,1.8800000000000001,0.0003572
131770805,1595102405662,2020-07-18T20:00:05.662Z,BTC-1225,buy,9390.0,0.0001,0.9390000000000001,0.00017841
132040105,1595135281883,2020-07-19T05:08:01.883Z,BTC-1225,buy,9380.0,0.0001,0.9380000000000001,0.00017822
132255695,1595160108969,2020-07-19T12:01:48.969Z,BTC-1225,buy,9350.0,0.0003,2.8049999999999997,0.00053295
132518695,1595186579457,2020-07-19T19:22:59.457Z,BTC-1225,sell,9390.0,0.0002,1.8780000000000001,0.00035682
132535803,1595188296902,2020-07-19T19:51:36.902Z,BTC-1225,sell,9400.0,0.0001,0.9400000000000001,0.0001786
132579879,1595192432876,2020-07-19T21:00:32.876Z,BTC-1225,sell,9410.0,0.0001,0.9410000000000001,0.00017879
132636374,1595197843379,2020-07-19T22:30:43.379Z,BTC-1225,sell,9420.0,0.0002,1.8840000000000001,0.00035796
132649988,1595198754788,2020-07-19T22:45:54.788Z,BTC-1225,sell,9440.0,0.0002,1.8880000000000001,0.00035872
132739188,1595204729498,2020-07-20T00:25:29.498Z,BTC-1225,sell,9450.0,0.0001,0.9450000000000001,0.00017955
132929125,1595226611767,2020-07-20T06:30:11.767Z,BTC-1225,buy,9430.0,0.0004,3.7720000000000002,0.00071668
132951235,1595228815800,2020-07-20T07:06:55.800Z,BTC-1225,buy,9430.0,0.0113,106.559,0.02024621
133846928,1595297765748,2020-07-21T02:16:05.748Z,BTC-1225,buy,9420.0,0.0001,0.9420000000000001,0.00017898
133877478,1595301638288,2020-07-21T03:20:38.288Z,BTC-1225,buy,9410.0,0.0001,0.9410000000000001,0.00017879
134187771,1595326636426,2020-07-21T10:17:16.426Z,BTC-1225,sell,9590.0,0.0017,16.303,0.00309757
134198015,1595327490978,2020-07-21T10:31:30.978Z,BTC-1225,sell,9600.0,0.0001,0.9600000000000001,0.0001824
134265128,1595332836756,2020-07-21T12:00:36.756Z,BTC-1225,sell,9610.0,0.0001,0.9610000000000001,0.00018259
134316359,1595336551063,2020-07-21T13:02:31.063Z,BTC-1225,sell,9654.0,0.0004,3.8616,0.002201112
134317134,1595336580401,2020-07-21T13:03:00.401Z,BTC-1225,sell,9660.0,0.0001,0.9660000000000001,0.00018354
134333553,1595337647704,2020-07-21T13:20:47.704Z,BTC-1225,sell,9670.0,0.0001,0.9670000000000001,0.00018373
134398567,1595341793214,2020-07-21T14:29:53.214Z,BTC-1225,buy,9640.0,0.0001,0.9640000000000001,0.00018316
134529762,1595351848201,2020-07-21T17:17:28.201Z,BTC-1225,buy,9600.0,0.0004,3.8400000000000003,0.0007296
134672787,1595368297145,2020-07-21T21:51:37.145Z,BTC-1225,sell,9630.0,0.0001,0.9630000000000001,0.00018297
134698985,1595371300367,2020-07-21T22:41:40.367Z,BTC-1225,sell,9640.0,0.0001,0.9640000000000001,0.00018316
134840316,1595387183793,2020-07-22T03:06:23.793Z,BTC-1225,buy,9610.0,0.0001,0.9610000000000001,0.00018259
134923192,1595396716480,2020-07-22T05:45:16.480Z,BTC-1225,buy,9600.0,0.0001,0.9600000000000001,0.0001824
135031531,1595407602880,2020-07-22T08:46:42.880Z,BTC-1225,buy,9570.0,0.0003,2.8709999999999996,0.00054549
135041929,1595408428325,2020-07-22T09:00:28.325Z,BTC-1225,buy,9560.0,0.0002,1.9120000000000001,0.00036328
135255547,1595429937752,2020-07-22T14:58:57.752Z,BTC-1225,sell,9590.0,0.0002,1.9180000000000001,0.00036442
135383395,1595443199159,2020-07-22T18:39:59.159Z,BTC-1225,sell,9610.0,0.0002,1.9220000000000002,0.00036518
135423803,1595448010349,2020-07-22T20:00:10.349Z,BTC-1225,sell,9620.0,0.0001,0.9620000000000001,0.00018278
135487277,1595455216092,2020-07-22T22:00:16.092Z,BTC-1225,sell,9630.0,0.0001,0.9630000000000001,0.00018297
135858546,1595471815011,2020-07-23T02:36:55.011Z,BTC-1225,sell,9800.0,0.0017,16.66,0.0031654
136170976,1595491320380,2020-07-23T08:02:00.380Z,BTC-1225,sell,9810.0,0.0001,0.9810000000000001,0.00018639
136300922,1595498944075,2020-07-23T10:09:04.075Z,BTC-1225,sell,9820.0,0.0001,0.9820000000000001,0.00018658
137017587,1595528485053,2020-07-23T18:21:25.053Z,BTC-1225,sell,9910.0,0.0009,8.919,0.00169461
137131629,1595535091693,2020-07-23T20:11:31.693Z,BTC-1225,buy,9880.0,0.0001,0.9880000000000001,0.00018772
137353626,1595554394257,2020-07-24T01:33:14.257Z,BTC-1225,buy,9870.0,0.0001,0.9870000000000001,0.00018753
137359218,1595554870135,2020-07-24T01:41:10.135Z,BTC-1225,buy,9860.0,0.0001,0.9860000000000001,0.00018734
137365212,1595555369211,2020-07-24T01:49:29.211Z,BTC-1225,buy,9850.0,0.0001,0.9850000000000001,0.00018715
137467377,1595565062890,2020-07-24T04:31:02.890Z,BTC-1225,buy,9840.0,0.0001,0.9840000000000001,0.00018696
137618454,1595577011374,2020-07-24T07:50:11.374Z,BTC-1225,buy,9790.0,0.0005,4.8950000000000005,0.00093005
137761630,1595589608388,2020-07-24T11:20:08.388Z,BTC-1225,sell,9830.0,0.0002,1.9660000000000002,0.00037354
137771862,1595590149307,2020-07-24T11:29:09.307Z,BTC-1225,sell,9840.0,0.0001,0.9840000000000001,0.00018696
137820795,1595593773408,2020-07-24T12:29:33.408Z,BTC-1225,buy,9810.0,0.0001,0.9810000000000001,0.00018639
137983343,1595605233207,2020-07-24T15:40:33.207Z,BTC-1225,sell,9850.0,0.0002,1.9700000000000002,0.0003743
137991793,1595605571276,2020-07-24T15:46:11.276Z,BTC-1225,sell,9860.0,0.0001,0.9860000000000001,0.00018734
138022119,1595607035454,2020-07-24T16:10:35.454Z,BTC-1225,buy,9830.0,0.0001,0.9830000000000001,0.00018677
138087808,1595610754737,2020-07-24T17:12:34.737Z,BTC-1225,buy,9820.0,0.0001,0.9820000000000001,0.00018658
138103618,1595612313386,2020-07-24T17:38:33.386Z,BTC-1225,sell,9850.0,0.0001,0.9850000000000001,0.00018715
138201614,1595618952066,2020-07-24T19:29:12.066Z,BTC-1225,sell,9870.0,0.0002,1.9740000000000002,0.00037506
138249780,1595622940894,2020-07-24T20:35:40.894Z,BTC-1225,sell,9880.0,0.0001,0.9880000000000001,0.00018772
138253336,1595623128817,2020-07-24T20:38:48.817Z,BTC-1225,sell,9890.0,0.0001,0.9890000000000001,0.00018791
138260462,1595623447949,2020-07-24T20:44:07.949Z,BTC-1225,sell,9900.0,0.0001,0.9900000000000001,0.0001881
138504187,1595638904421,2020-07-25T01:01:44.421Z,BTC-1225,buy,9820.0,0.0006,5.8919999999999995,0.00111948
138720190,1595652332739,2020-07-25T04:45:32.739Z,BTC-1225,sell,9880.0,0.0004,3.9520000000000004,0.00075088
138762309,1595655097078,2020-07-25T05:31:37.078Z,BTC-1225,sell,9894.0,0.0001,0.9894000000000001,0.000563958
138763384,1595655144402,2020-07-25T05:32:24.402Z,BTC-1225,sell,9900.0,0.0001,0.9900000000000001,0.0001881
138884444,1595664400802,2020-07-25T08:06:40.802Z,BTC-1225,buy,9870.0,0.0001,0.9870000000000001,0.00018753
138976693,1595671585048,2020-07-25T10:06:25.048Z,BTC-1225,sell,9900.0,0.0001,0.9900000000000001,0.0001881
139057257,1595679224275,2020-07-25T12:13:44.275Z,BTC-1225,sell,9910.0,0.0001,0.991,0.00018829
139109889,1595684088781,2020-07-25T13:34:48.781Z,BTC-1225,sell,9920.0,0.0001,0.992,0.00018848
139174075,1595688380295,2020-07-25T14:46:20.295Z,BTC-1225,buy,9890.0,0.0001,0.9890000000000001,0.00018791
139431260,1595701906078,2020-07-25T18:31:46.078Z,BTC-1225,sell,9990.0,0.0008,7.992,0.00151848
139434152,1595702162539,2020-07-25T18:36:02.539Z,BTC-1225,sell,10000.0,0.0001,1.0,0.00019
139468288,1595705096388,2020-07-25T19:24:56.388Z,BTC-1225,sell,10010.0,0.0001,1.0010000000000001,0.00019019
139503081,1595708048531,2020-07-25T20:14:08.531Z,BTC-1225,sell,10020.0,0.0001,1.002,0.00019038
139623160,1595713829498,2020-07-25T21:50:29.498Z,BTC-1225,sell,10030.0,0.0001,1.0030000000000001,0.00019057
139855982,1595727210884,2020-07-26T01:33:30.884Z,BTC-1225,buy,10000.0,0.0001,1.0,0.00019
140129667,1595748881542,2020-07-26T07:34:41.542Z,BTC-1225,sell,10030.0,0.0001,1.0030000000000001,0.00019057
140134747,1595749177591,2020-07-26T07:39:37.591Z,BTC-1225,sell,10040.0,0.0001,1.004,0.00019076
140146159,1595749636991,2020-07-26T07:47:16.991Z,BTC-1225,sell,10050.0,0.0001,1.0050000000000001,0.00019095
140536352,1595763125034,2020-07-26T11:32:05.034Z,BTC-1225,sell,10370.0,0.0031,32.147,0.00610793
140546814,1595763776154,2020-07-26T11:42:56.154Z,BTC-1225,sell,10380.0,0.0001,1.038,0.00019722
140671866,1595770230757,2020-07-26T13:30:30.757Z,BTC-1225,buy,10297.5,0.0006,6.1785,0.003521745
140678599,1595770642171,2020-07-26T13:37:22.171Z,BTC-1225,buy,10290.0,0.0001,1.0290000000000001,0.00019551
140684262,1595770985430,2020-07-26T13:43:05.430Z,BTC-1225,buy,10280.0,0.0001,1.028,0.00019532
140793787,1595777407252,2020-07-26T15:30:07.252Z,BTC-1225,sell,10312.0,0.0001,1.0312000000000001,0.000587784
140794292,1595777428066,2020-07-26T15:30:28.066Z,BTC-1225,sell,10320.0,0.0001,1.032,0.00019608
140801830,1595777993475,2020-07-26T15:39:53.475Z,BTC-1225,sell,10330.0,0.0001,1.0330000000000001,0.00019627
140805068,1595778192500,2020-07-26T15:43:12.500Z,BTC-1225,sell,10340.0,0.0001,1.034,0.00019646
140987379,1595789332063,2020-07-26T18:48:52.063Z,BTC-1225,buy,10310.0,0.0001,1.0310000000000001,0.00019589
141001155,1595790687151,2020-07-26T19:11:27.151Z,BTC-1225,buy,10300.0,0.0001,1.03,0.0001957
141443344,1595817613713,2020-07-27T02:40:13.713Z,BTC-1225,sell,10480.0,0.0015,15.72,0.0029868
141444854,1595817669055,2020-07-27T02:41:09.055Z,BTC-1225,sell,10490.0,0.0001,1.0490000000000002,0.00019931
141715656,1595825539007,2020-07-27T04:52:19.007Z,BTC-1225,sell,10700.0,0.002,21.400000000000002,0.004066
141836016,1595831482598,2020-07-27T06:31:22.598Z,BTC-1225,sell,10710.0,0.0001,1.071,0.00061047
141855093,1595832704162,2020-07-27T06:51:44.162Z,BTC-1225,sell,10720.0,0.0001,1.072,0.00020368
142029162,1595841758007,2020-07-27T09:22:38.007Z,BTC-1225,buy,10660.0,0.0004,4.264,0.00081016
142056174,1595843516219,2020-07-27T09:51:56.219Z,BTC-1225,sell,10690.0,0.0001,1.069,0.00020311
142059340,1595843575584,2020-07-27T09:52:55.584Z,BTC-1225,sell,10730.0,0.0004,4.292,0.00081548
142076971,1595844294924,2020-07-27T10:04:54.924Z,BTC-1225,buy,10700.0,0.0001,1.07,0.0002033
142077707,1595844331531,2020-07-27T10:05:31.531Z,BTC-1225,buy,10690.0,0.0001,1.069,0.00020311
142250161,1595853014218,2020-07-27T12:30:14.218Z,BTC-1225,sell,10725.5,0.0001,1.0725500000000001,0.0006113535
142250614,1595853042941,2020-07-27T12:30:42.941Z,BTC-1225,sell,10730.0,0.0001,1.073,0.00020387
142258616,1595853351335,2020-07-27T12:35:51.335Z,BTC-1225,sell,10770.0,0.0003,3.231,0.00061389
142281172,1595854407008,2020-07-27T12:53:27.008Z,BTC-1225,buy,10740.0,0.0001,1.074,0.00020406
142375662,1595857662457,2020-07-27T13:47:42.457Z,BTC-1225,sell,10810.0,0.0005,5.405,0.00102695
142396210,1595858364889,2020-07-27T13:59:24.889Z,BTC-1225,sell,10831.0,0.0002,2.1662,0.001234734
142396680,1595858369672,2020-07-27T13:59:29.672Z,BTC-1225,sell,10844.0,0.0001,1.0844,0.000618108
142411410,1595858580968,2020-07-27T14:03:00.968Z,BTC-1225,buy,10800.0,0.0002,2.16,0.0004104
142421968,1595858730653,2020-07-27T14:05:30.653Z,BTC-1225,buy,10780.0,0.0002,2.156,0.00040964
142604634,1595862537443,2020-07-27T15:08:57.443Z,BTC-1225,buy,10770.0,0.0001,1.077,0.00020463
142610991,1595862681236,2020-07-27T15:11:21.236Z,BTC-1225,buy,10757.0,0.0001,1.0757,0.000613149
143050955,1595874772705,2020-07-27T18:32:52.705Z,BTC-1225,sell,11330.0,0.0029,32.857,0.00624283
143893373,1595909018134,2020-07-28T04:03:38.134Z,BTC-1225,buy,11610.0,0.0045,52.245,0.00992655
143899715,1595909331659,2020-07-28T04:08:51.659Z,BTC-1225,buy,11600.0,0.0001,1.1600000000000001,0.0002204
143905995,1595909700752,2020-07-28T04:15:00.752Z,BTC-1225,buy,11590.0,0.0001,1.159,0.00022021
143951421,1595912668097,2020-07-28T05:04:28.097Z,BTC-1225,buy,11560.0,0.0003,3.4679999999999995,0.00065892
144053560,1595918811044,2020-07-28T06:46:51.044Z,BTC-1225,buy,11470.0,0.0007,8.029,0.00152551
144063786,1595919623532,2020-07-28T07:00:23.532Z,BTC-1225,buy,11460.0,0.0001,1.1460000000000001,0.00021774
144267546,1595929751270,2020-07-28T09:49:11.270Z,BTC-1225,buy,11310.0,0.0013,14.703,0.00279357
144267788,1595929755075,2020-07-28T09:49:15.075Z,BTC-1225,buy,11310.0,0.0001,1.131,0.00021489
144510648,1595939657556,2020-07-28T12:34:17.556Z,BTC-1225,sell,11520.0,0.0017,19.584,0.00372096
144747853,1595950368575,2020-07-28T15:32:48.575Z,BTC-1225,sell,11700.0,0.0015,17.55,0.0033345
144757255,1595950710556,2020-07-28T15:38:30.556Z,BTC-1225,sell,11720.0,0.0002,2.3440000000000003,0.00044536
144971211,1595957460099,2020-07-28T17:31:00.099Z,BTC-1225,buy,11530.0,0.0015,17.295,0.00328605
145103770,1595964628929,2020-07-28T19:30:28.929Z,BTC-1225,buy,11500.0,0.0002,2.3000000000000003,0.000437
145103852,1595964630977,2020-07-28T19:30:30.977Z,BTC-1225,buy,11500.0,0.0002,2.3000000000000003,0.000437
145169574,1595968725356,2020-07-28T20:38:45.356Z,BTC-1225,sell,11540.0,0.0003,3.4619999999999997,0.00065778
145239286,1595973661096,2020-07-28T22:01:01.096Z,BTC-1225,sell,11560.0,0.0002,2.3120000000000003,0.00043928
145243024,1595973870940,2020-07-28T22:04:30.940Z,BTC-1225,sell,11570.0,0.0001,1.157,0.00021983
145308851,1595977462640,2020-07-28T23:04:22.640Z,BTC-1225,buy,11490.0,0.0005,5.745,0.00109155
145492986,1595989066269,2020-07-29T02:17:46.269Z,BTC-1225,buy,11480.0,0.0001,1.1480000000000001,0.00021812
145506194,1595989966022,2020-07-29T02:32:46.022Z,BTC-1225,buy,11470.0,0.0001,1.147,0.00021793
145533854,1595992152074,2020-07-29T03:09:12.074Z,BTC-1225,sell,11500.0,0.0001,1.1500000000000001,0.0002185
145533872,1595992154193,2020-07-29T03:09:14.193Z,BTC-1225,sell,11500.0,0.0001,1.1500000000000001,0.0002185
145611854,1595997949657,2020-07-29T04:45:49.657Z,BTC-1225,sell,11540.0,0.0002,2.3080000000000003,0.00043852
145623144,1595999031579,2020-07-29T05:03:51.579Z,BTC-1225,buy,11500.0,0.0001,1.1500000000000001,0.0002185
145635807,1595999940063,2020-07-29T05:19:00.063Z,BTC-1225,sell,11540.0,0.0001,1.1540000000000001,0.00021926
145639057,1596000112800,2020-07-29T05:21:52.800Z,BTC-1225,sell,11550.0,0.0001,1.155,0.00021945
145646635,1596000685151,2020-07-29T05:31:25.151Z,BTC-1225,sell,11560.0,0.0001,1.1560000000000001,0.00021964
145767975,1596007993954,2020-07-29T07:33:13.954Z,BTC-1225,sell,11600.0,0.0003,3.4799999999999995,0.0006612
145892908,1596015161931,2020-07-29T09:32:41.931Z,BTC-1225,sell,11620.0,0.0002,2.3240000000000003,0.00044156
146094515,1596029121724,2020-07-29T13:25:21.724Z,BTC-1225,sell,11650.0,0.0003,3.4949999999999997,0.00066405
146240664,1596035875445,2020-07-29T15:17:55.445Z,BTC-1225,sell,11730.0,0.0007,8.211,0.00156009
146264172,1596037265101,2020-07-29T15:41:05.101Z,BTC-1225,buy,11700.0,0.0001,1.1700000000000002,0.0002223
146266380,1596037412583,2020-07-29T15:43:32.583Z,BTC-1225,buy,11690.0,0.0001,1.169,0.00022211
146266808,1596037434685,2020-07-29T15:43:54.685Z,BTC-1225,buy,11680.0,0.0001,1.1680000000000001,0.00022192
146388240,1596044759668,2020-07-29T17:45:59.668Z,BTC-1225,sell,11720.0,0.0002,2.3440000000000003,0.00044536
146392220,1596045072798,2020-07-29T17:51:12.798Z,BTC-1225,sell,11730.0,0.0001,1.173,0.00022287
146466642,1596050330286,2020-07-29T19:18:50.286Z,BTC-1225,sell,11750.0,0.0001,1.175,0.00022325
146472538,1596050843364,2020-07-29T19:27:23.364Z,BTC-1225,sell,11760.0,0.0001,1.1760000000000002,0.00022344
146481532,1596051497939,2020-07-29T19:38:17.939Z,BTC-1225,buy,11730.0,0.0001,1.173,0.00022287
146533478,1596056602543,2020-07-29T21:03:22.543Z,BTC-1225,sell,11760.0,0.0001,1.1760000000000002,0.00022344
146607459,1596061901052,2020-07-29T22:31:41.052Z,BTC-1225,sell,11777.5,0.0001,1.17775,0.0006713175
146607832,1596061920906,2020-07-29T22:32:00.906Z,BTC-1225,sell,11780.0,0.0001,1.1780000000000002,0.00022382
146614650,1596062489616,2020-07-29T22:41:29.616Z,BTC-1225,sell,11810.0,0.0002,2.362,0.00044878
146768920,1596070953248,2020-07-30T01:02:33.248Z,BTC-1225,buy,11610.0,0.0015,17.415,0.00330885
146779914,1596071837094,2020-07-30T01:17:17.094Z,BTC-1225,buy,11600.0,0.0001,1.1600000000000001,0.0002204
146826276,1596076469663,2020-07-30T02:34:29.663Z,BTC-1225,buy,11570.0,0.0002,2.314,0.00043966
146828412,1596076655717,2020-07-30T02:37:35.717Z,BTC-1225,buy,11560.0,0.0001,1.1560000000000001,0.00021964
146830301,1596076752345,2020-07-30T02:39:12.345Z,BTC-1225,buy,11537.0,0.0002,2.3074,0.001315218
146834136,1596077049072,2020-07-30T02:44:09.072Z,BTC-1225,buy,11530.0,0.0001,1.153,0.00021907
146834806,1596077075694,2020-07-30T02:44:35.694Z,BTC-1225,buy,11520.0,0.0001,1.1520000000000001,0.00021888
146837586,1596077251958,2020-07-30T02:47:31.958Z,BTC-1225,buy,11510.0,0.0001,1.151,0.00021869
147070338,1596096945974,2020-07-30T08:15:45.974Z,BTC-1225,buy,11500.0,0.0001,1.1500000000000001,0.0002185
147218239,1596109577266,2020-07-30T11:46:17.266Z,BTC-1225,buy,11450.0,0.0004,4.58,0.0008702
147219889,1596109721237,2020-07-30T11:48:41.237Z,BTC-1225,buy,11440.0,0.0001,1.1440000000000001,0.00021736
147366022,1596118706014,2020-07-30T14:18:26.014Z,BTC-1225,sell,11530.0,0.0006,6.917999999999999,0.00131442
147409174,1596122411559,2020-07-30T15:20:11.559Z,BTC-1225,buy,11490.0,0.0001,1.149,0.00021831
147479184,1596127200462,2020-07-30T16:40:00.462Z,BTC-1225,sell,11530.0,0.0001,1.153,0.00021907
147484580,1596127482684,2020-07-30T16:44:42.684Z,BTC-1225,sell,11540.0,0.0001,1.1540000000000001,0.00021926
147644473,1596138837993,2020-07-30T19:53:57.993Z,BTC-1225,sell,11660.0,0.001,11.66,0.0022154
147645922,1596138911120,2020-07-30T19:55:11.120Z,BTC-1225,sell,11680.5,0.0002,2.3361,0.001331577
147657473,1596139663520,2020-07-30T20:07:43.520Z,BTC-1225,sell,11690.0,0.0001,1.169,0.00022211
147954284,1596161950293,2020-07-31T02:19:10.293Z,BTC-1225,buy,11570.0,0.0008,9.256,0.00175864
147954306,1596161950621,2020-07-31T02:19:10.621Z,BTC-1225,buy,11570.0,0.0001,1.157,0.00021983
147955216,1596162018011,2020-07-31T02:20:18.011Z,BTC-1225,buy,11560.0,0.0001,1.1560000000000001,0.00021964
148149419,1596181433512,2020-07-31T07:43:53.512Z,BTC-1225,sell,11710.0,0.0011,12.881,0.00244739
148149825,1596181459080,2020-07-31T07:44:19.080Z,BTC-1225,sell,11720.0,0.0001,1.1720000000000002,0.00022268
148149840,1596181460047,2020-07-31T07:44:20.047Z,BTC-1225,sell,11721.0,0.0001,1.1721000000000001,0.000668097
148237559,1596189197095,2020-07-31T09:53:17.095Z,BTC-1225,buy,11690.0,0.0001,1.169,0.00022211
148313607,1596195299922,2020-07-31T11:34:59.922Z,BTC-1225,sell,11730.0,0.0001,1.173,0.00022287
148318609,1596195845265,2020-07-31T11:44:05.265Z,BTC-1225,sell,11740.0,0.0001,1.1740000000000002,0.00022306
148409161,1596201698532,2020-07-31T13:21:38.532Z,BTC-1225,sell,11790.0,0.0004,4.716,0.00089604
148461415,1596204960192,2020-07-31T14:16:00.192Z,BTC-1225,buy,11750.0,0.0001,1.175,0.00022325
148465915,1596205319901,2020-07-31T14:21:59.901Z,BTC-1225,buy,11740.0,0.0001,1.1740000000000002,0.00022306
148471865,1596205817810,2020-07-31T14:30:17.810Z,BTC-1225,buy,11730.0,0.0001,1.173,0.00022287
148718453,1596214730716,2020-07-31T16:58:50.716Z,BTC-1225,sell,11930.0,0.0015,17.895,0.00340005
148736244,1596215526923,2020-07-31T17:12:06.923Z,BTC-1225,buy,11892.5,0.0001,1.1892500000000001,0.0006778725
148736835,1596215549950,2020-07-31T17:12:29.950Z,BTC-1225,buy,11880.0,0.0001,1.1880000000000002,0.00022572
148747103,1596216012150,2020-07-31T17:20:12.150Z,BTC-1225,sell,11930.0,0.0002,2.386,0.00045334
148888259,1596225184819,2020-07-31T19:53:04.819Z,BTC-1225,buy,11850.0,0.0005,5.925,0.00112575
148889481,1596225266371,2020-07-31T19:54:26.371Z,BTC-1225,buy,11840.0,0.0001,1.1840000000000002,0.00022496
148943135,1596229485315,2020-07-31T21:04:45.315Z,BTC-1225,sell,11900.0,0.0003,3.57,0.0006783
148945901,1596229746702,2020-07-31T21:09:06.702Z,BTC-1225,sell,11910.0,0.0001,1.191,0.00022629
148950275,1596229976000,2020-07-31T21:12:56.000Z,BTC-1225,sell,11930.0,0.0002,2.386,0.00045334
149091186,1596240393950,2020-08-01T00:06:33.950Z,BTC-1225,buy,11850.0,0.0005,5.925,0.00112575
149094188,1596240620044,2020-08-01T00:10:20.044Z,BTC-1225,buy,11840.0,0.0001,1.1840000000000002,0.00022496
149099352,1596240836662,2020-08-01T00:13:56.662Z,BTC-1225,buy,11790.0,0.0004,4.716,0.00089604
149174212,1596246317552,2020-08-01T01:45:17.552Z,BTC-1225,buy,11750.0,0.0004,4.7,0.000893
149198492,1596248095560,2020-08-01T02:14:55.560Z,BTC-1225,sell,11780.0,0.0001,1.1780000000000002,0.00022382
149205372,1596248592575,2020-08-01T02:23:12.575Z,BTC-1225,sell,11790.0,0.0001,1.179,0.00022401
149544505,1596265230369,2020-08-01T07:00:30.369Z,BTC-1225,sell,12181.5,0.003,36.5445,0.020830365
150039384,1596294012142,2020-08-01T15:00:12.142Z,BTC-1225,buy,12120.0,0.0001,1.212,0.00023028
150039804,1596294036121,2020-08-01T15:00:36.121Z,BTC-1225,buy,12110.0,0.0001,1.211,0.00023009
150152863,1596301231231,2020-08-01T17:00:31.231Z,BTC-1225,sell,12142.0,0.0001,1.2142000000000002,0.000692094
150153314,1596301253531,2020-08-01T17:00:53.531Z,BTC-1225,sell,12150.0,0.0001,1.215,0.00023085
151526433,1596349942752,2020-08-02T06:32:22.752Z,BTC-1225,buy,11720.0,0.0035,41.02,0.0077938
151540271,1596350587202,2020-08-02T06:43:07.202Z,BTC-1225,buy,11710.0,0.0001,1.171,0.00022249
151629847,1596355295373,2020-08-02T08:01:35.373Z,BTC-1225,sell,11740.0,0.0001,1.1740000000000002,0.00022306
151644869,1596355926402,2020-08-02T08:12:06.402Z,BTC-1225,sell,11760.0,0.0001,1.1760000000000002,0.00022344
151744902,1596361736354,2020-08-02T09:48:56.354Z,BTC-1225,buy,11720.0,0.0001,1.1720000000000002,0.00022268
151824243,1596366959505,2020-08-02T11:15:59.505Z,BTC-1225,buy,11670.0,0.0005,5.835,0.00110865
151827418,1596367014404,2020-08-02T11:16:54.404Z,BTC-1225,buy,11630.0,0.0003,3.489,0.00066291
151853942,1596367668120,2020-08-02T11:27:48.120Z,BTC-1225,buy,11590.0,0.0003,3.477,0.00066063
151951167,1596370704351,2020-08-02T12:18:24.351Z,BTC-1225,buy,11580.0,0.0001,1.1580000000000001,0.00022002
151956355,1596371138534,2020-08-02T12:25:38.534Z,BTC-1225,buy,11570.0,0.0001,1.157,0.00021983
151957131,1596371181507,2020-08-02T12:26:21.507Z,BTC-1225,buy,11560.0,0.0001,1.1560000000000001,0.00021964
151957349,1596371189931,2020-08-02T12:26:29.931Z,BTC-1225,buy,11550.0,0.0001,1.155,0.00021945
151957999,1596371242549,2020-08-02T12:27:22.549Z,BTC-1225,buy,11540.0,0.0001,1.1540000000000001,0.00021926
152061655,1596378345991,2020-08-02T14:25:45.991Z,BTC-1225,sell,11570.0,0.0001,1.157,0.00021983
152064501,1596378591227,2020-08-02T14:29:51.227Z,BTC-1225,sell,11600.0,0.0003,3.4799999999999995,0.0006612
152305584,1596393976373,2020-08-02T18:46:16.373Z,BTC-1225,sell,11650.0,0.0004,4.66,0.0008854
152307514,1596394152750,2020-08-02T18:49:12.750Z,BTC-1225,sell,11660.0,0.0001,1.1660000000000001,0.00022154
152310862,1596394447784,2020-08-02T18:54:07.784Z,BTC-1225,sell,11670.0,0.0001,1.167,0.00022173
152316162,1596394905626,2020-08-02T19:01:45.626Z,BTC-1225,sell,11690.0,0.0001,1.169,0.00022211
152328832,1596396079521,2020-08-02T19:21:19.521Z,BTC-1225,buy,11650.0,0.0001,1.165,0.00022135
152336820,1596397185306,2020-08-02T19:39:45.306Z,BTC-1225,buy,11640.0,0.0001,1.1640000000000001,0.00022116
152377765,1596399564877,2020-08-02T20:19:24.877Z,BTC-1225,buy,11630.0,0.0001,1.163,0.00022097
152378447,1596399617857,2020-08-02T20:20:17.857Z,BTC-1225,buy,11620.0,0.0001,1.1620000000000001,0.00022078
152380697,1596399764993,2020-08-02T20:22:44.993Z,BTC-1225,buy,11600.0,0.0002,2.3200000000000003,0.0004408
152382493,1596399910457,2020-08-02T20:25:10.457Z,BTC-1225,buy,11590.0,0.0001,1.159,0.00022021
152383777,1596399937404,2020-08-02T20:25:37.404Z,BTC-1225,buy,11560.0,0.0002,2.3120000000000003,0.00043928
152392707,1596400692217,2020-08-02T20:38:12.217Z,BTC-1225,buy,11550.0,0.0001,1.155,0.00021945
152426095,1596404052787,2020-08-02T21:34:12.787Z,BTC-1225,buy,11540.0,0.0001,1.1540000000000001,0.00021926
152427887,1596404128373,2020-08-02T21:35:28.373Z,BTC-1225,buy,11520.0,0.0002,2.3040000000000003,0.00043776
152437367,1596404250938,2020-08-02T21:37:30.938Z,BTC-1225,buy,11450.0,0.0006,6.869999999999999,0.0039159
152449366,1596404903653,2020-08-02T21:48:23.653Z,BTC-1225,sell,11550.0,0.0007,8.084999999999999,0.00153615
152453496,1596405059277,2020-08-02T21:50:59.277Z,BTC-1225,sell,11560.0,0.0001,1.1560000000000001,0.00021964
152454913,1596405204354,2020-08-02T21:53:24.354Z,BTC-1225,sell,11571.0,0.0001,1.1571,0.000659547
152460030,1596405673090,2020-08-02T22:01:13.090Z,BTC-1225,sell,11580.0,0.0001,1.1580000000000001,0.00022002
152604192,1596415091593,2020-08-03T00:38:11.593Z,BTC-1225,buy,11530.0,0.0003,3.4589999999999996,0.00065721
152674998,1596420430090,2020-08-03T02:07:10.090Z,BTC-1225,sell,11590.0,0.0004,4.636,0.00088084
152747508,1596426664435,2020-08-03T03:51:04.435Z,BTC-1225,sell,11610.0,0.0001,1.161,0.00022059
152847198,1596435079987,2020-08-03T06:11:19.987Z,BTC-1225,buy,11640.0,0.0086,100.104,0.01901976
152916905,1596439003689,2020-08-03T07:16:43.689Z,BTC-1225,sell,11670.0,0.0001,1.167,0.00022173
153089810,1596451133640,2020-08-03T10:38:53.640Z,BTC-1225,buy,11610.0,0.0003,3.4829999999999997,0.00066177
153200561,1596457957806,2020-08-03T12:32:37.806Z,BTC-1225,sell,11670.0,0.0003,3.501,0.00066519
153200609,1596457960955,2020-08-03T12:32:40.955Z,BTC-1225,sell,11670.0,0.0003,3.501,0.00066519
153225979,1596459494110,2020-08-03T12:58:14.110Z,BTC-1225,buy,11670.0,0.0001,1.167,0.00022173
153364185,1596466828499,2020-08-03T15:00:28.499Z,BTC-1225,sell,11731.0,0.0003,3.5193,0.002006001
153365220,1596466895539,2020-08-03T15:01:35.539Z,BTC-1225,sell,11740.0,0.0001,1.1740000000000002,0.00022306
153367209,1596466998433,2020-08-03T15:03:18.433Z,BTC-1225,sell,11750.0,0.0001,1.175,0.00066975
153374412,1596467173176,2020-08-03T15:06:13.176Z,BTC-1225,sell,11780.0,0.0003,3.534,0.00067146
153379256,1596467414241,2020-08-03T15:10:14.241Z,BTC-1225,sell,11800.0,0.0001,1.1800000000000002,0.0002242
153389314,1596468015886,2020-08-03T15:20:15.886Z,BTC-1225,sell,11810.0,0.0001,1.181,0.00022439
153394550,1596468274649,2020-08-03T15:24:34.649Z,BTC-1225,buy,11780.0,0.0001,1.1780000000000002,0.00022382
153533988,1596474584048,2020-08-03T17:09:44.048Z,BTC-1225,sell,11810.0,0.0001,1.181,0.00022439
153538224,1596474861719,2020-08-03T17:14:21.719Z,BTC-1225,sell,11820.0,0.0001,1.1820000000000002,0.00022458
153539518,1596474928880,2020-08-03T17:15:28.880Z,BTC-1225,sell,11830.0,0.0001,1.183,0.00022477
153633228,1596481844452,2020-08-03T19:10:44.452Z,BTC-1225,buy,11800.0,0.0001,1.1800000000000002,0.0002242
153641972,1596482489250,2020-08-03T19:21:29.250Z,BTC-1225,buy,11790.0,0.0001,1.179,0.00022401
153826913,1596493853282,2020-08-03T22:30:53.282Z,BTC-1225,buy,11690.0,0.0008,9.352,0.00177688
153828897,1596494032611,2020-08-03T22:33:52.611Z,BTC-1225,buy,11680.0,0.0001,1.1680000000000001,0.00022192
153831987,1596494180549,2020-08-03T22:36:20.549Z,BTC-1225,buy,11670.0,0.0001,1.167,0.00022173
153832809,1596494216616,2020-08-03T22:36:56.616Z,BTC-1225,buy,11660.0,0.0001,1.1660000000000001,0.00022154
153835423,1596494367930,2020-08-03T22:39:27.930Z,BTC-1225,buy,11650.0,0.0001,1.165,0.00022135
153920210,1596498626834,2020-08-03T23:50:26.834Z,BTC-1225,buy,11640.0,0.0001,1.1640000000000001,0.00022116
154076684,1596506765010,2020-08-04T02:06:05.010Z,BTC-1225,sell,11780.0,0.001,11.78,0.0022382
154080086,1596507008370,2020-08-04T02:10:08.370Z,BTC-1225,sell,11790.0,0.0001,1.179,0.00022401
154103879,1596508664068,2020-08-04T02:37:44.068Z,BTC-1225,buy,11746.5,0.0001,1.17465,0.0006695505
154116119,1596509213804,2020-08-04T02:46:53.804Z,BTC-1225,buy,11740.0,0.0001,1.1740000000000002,0.00022306
154217289,1596514663831,2020-08-04T04:17:43.831Z,BTC-1225,buy,11730.0,0.0001,1.173,0.00022287
154222719,1596515063024,2020-08-04T04:24:23.024Z,BTC-1225,buy,11720.0,0.0001,1.1720000000000002,0.00022268
154224173,1596515166894,2020-08-04T04:26:06.894Z,BTC-1225,buy,11710.0,0.0001,1.171,0.00022249
154230027,1596515453275,2020-08-04T04:30:53.275Z,BTC-1225,buy,11690.0,0.0001,1.169,0.00022211
154255170,1596516825959,2020-08-04T04:53:45.959Z,BTC-1225,sell,11730.0,0.0001,1.173,0.00022287
154267746,1596517634092,2020-08-04T05:07:14.092Z,BTC-1225,sell,11750.0,0.0002,2.35,0.0004465
154275820,1596518354973,2020-08-04T05:19:14.973Z,BTC-1225,buy,11720.0,0.0001,1.1720000000000002,0.00022268
154360616,1596524355612,2020-08-04T06:59:15.612Z,BTC-1225,buy,11680.0,0.0003,3.5039999999999996,0.00066576
154362352,1596524440917,2020-08-04T07:00:40.917Z,BTC-1225,buy,11670.0,0.0001,1.167,0.00022173
154425106,1596528965511,2020-08-04T08:16:05.511Z,BTC-1225,sell,11730.0,0.0003,3.5189999999999997,0.00066861
154427821,1596529126540,2020-08-04T08:18:46.540Z,BTC-1225,sell,11750.0,0.0002,2.35,0.0013395
154545590,1596536167463,2020-08-04T10:16:07.463Z,BTC-1225,buy,11680.0,0.0004,4.672000000000001,0.00088768
154548312,1596536360758,2020-08-04T10:19:20.758Z,BTC-1225,buy,11670.0,0.0001,1.167,0.00022173
154633210,1596540918271,2020-08-04T11:35:18.271Z,BTC-1225,buy,11650.0,0.0002,2.33,0.0004427
154633866,1596540943211,2020-08-04T11:35:43.211Z,BTC-1225,buy,11640.0,0.0001,1.1640000000000001,0.00022116
154634208,1596540959267,2020-08-04T11:35:59.267Z,BTC-1225,buy,11630.0,0.0001,1.163,0.00022097
154634359,1596540960799,2020-08-04T11:36:00.799Z,BTC-1225,buy,11629.0,0.0001,1.1629,0.000662853
154644114,1596541583270,2020-08-04T11:46:23.270Z,BTC-1225,buy,11600.0,0.0001,1.1600000000000001,0.0002204
154753338,1596546120015,2020-08-04T13:02:00.015Z,BTC-1225,buy,11570.0,0.0003,3.4709999999999996,0.00065949
154755418,1596546257795,2020-08-04T13:04:17.795Z,BTC-1225,buy,11560.0,0.0001,1.1560000000000001,0.00021964
154764404,1596546754906,2020-08-04T13:12:34.906Z,BTC-1225,buy,11530.0,0.0002,2.306,0.00043814
154768466,1596546931685,2020-08-04T13:15:31.685Z,BTC-1225,buy,11510.0,0.0002,2.302,0.00043738
154975595,1596558784442,2020-08-04T16:33:04.442Z,BTC-1225,sell,11610.0,0.0007,8.127,0.00154413
154980299,1596559164555,2020-08-04T16:39:24.555Z,BTC-1225,sell,11620.0,0.0001,1.1620000000000001,0.00022078
155087025,1596567404513,2020-08-04T18:56:44.513Z,BTC-1225,sell,11650.0,0.0002,2.33,0.0004427
155126785,1596571330238,2020-08-04T20:02:10.238Z,BTC-1225,sell,11660.0,0.0001,1.1660000000000001,0.00022154
155129061,1596571493497,2020-08-04T20:04:53.497Z,BTC-1225,sell,11680.0,0.0002,2.3360000000000003,0.00044384
155131317,1596571677520,2020-08-04T20:07:57.520Z,BTC-1225,sell,11690.0,0.0001,1.169,0.00022211
155337129,1596586634437,2020-08-05T00:17:14.437Z,BTC-1225,buy,11620.0,0.0005,5.8100000000000005,0.0011039
155346339,1596587238688,2020-08-05T00:27:18.688Z,BTC-1225,buy,11600.0,0.0001,1.1600000000000001,0.0002204
155348329,1596587404815,2020-08-05T00:30:04.815Z,BTC-1225,buy,11590.0,0.0001,1.159,0.00022021
155614420,1596606095879,2020-08-05T05:41:35.879Z,BTC-1225,sell,11680.0,0.0006,7.007999999999999,0.00133152
155616196,1596606237785,2020-08-05T05:43:57.785Z,BTC-1225,sell,11690.0,0.0001,1.169,0.00022211
155688844,1596610871045,2020-08-05T07:01:11.045Z,BTC-1225,sell,11740.0,0.0004,4.696000000000001,0.00089224
155701136,1596611659716,2020-08-05T07:14:19.716Z,BTC-1225,sell,11750.0,0.0001,1.175,0.00022325
155891426,1596624331812,2020-08-05T10:45:31.812Z,BTC-1225,sell,11830.0,0.0006,7.097999999999999,0.00134862
155992206,1596630706980,2020-08-05T12:31:46.980Z,BTC-1225,sell,11860.0,0.0003,3.558,0.00067602
155992598,1596630742046,2020-08-05T12:32:22.046Z,BTC-1225,sell,11870.0,0.0001,1.187,0.00022553
155995012,1596630915651,2020-08-05T12:35:15.651Z,BTC-1225,sell,11890.0,0.0002,2.378,0.00045182
156004620,1596631350733,2020-08-05T12:42:30.733Z,BTC-1225,sell,11960.0,0.0005,5.98,0.0011362
156150811,1596637886330,2020-08-05T14:31:26.330Z,BTC-1225,sell,12080.0,0.0009,10.872,0.00206568
156150837,1596637887348,2020-08-05T14:31:27.348Z,BTC-1225,sell,12080.0,0.0001,1.208,0.00022952
156153601,1596638052297,2020-08-05T14:34:12.297Z,BTC-1225,sell,12090.0,0.0001,1.209,0.00022971
156162947,1596638536066,2020-08-05T14:42:16.066Z,BTC-1225,sell,12120.0,0.0003,3.6359999999999997,0.00069084
156172129,1596638967734,2020-08-05T14:49:27.734Z,BTC-1225,buy,12080.0,0.0002,2.416,0.00045904
156174333,1596639113693,2020-08-05T14:51:53.693Z,BTC-1225,buy,12070.0,0.0001,1.207,0.00022933
156309798,1596646038153,2020-08-05T16:47:18.153Z,BTC-1225,sell,12120.0,0.0003,3.6359999999999997,0.00069084
156779860,1596673821754,2020-08-06T00:30:21.754Z,BTC-1225,sell,12160.0,0.0003,3.6479999999999997,0.00207936
156783445,1596673987714,2020-08-06T00:33:07.714Z,BTC-1225,sell,12200.0,0.0003,3.6599999999999997,0.0006954
156793045,1596674740904,2020-08-06T00:45:40.904Z,BTC-1225,sell,12210.0,0.0001,1.221,0.00023199
156807924,1596675685797,2020-08-06T01:01:25.797Z,BTC-1225,buy,12169.0,0.0001,1.2169,0.000693633
156809119,1596675732258,2020-08-06T01:02:12.258Z,BTC-1225,buy,12160.0,0.0001,1.216,0.00023104
156811487,1596675893832,2020-08-06T01:04:53.832Z,BTC-1225,buy,12150.0,0.0001,1.215,0.00023085
156827080,1596676917449,2020-08-06T01:21:57.449Z,BTC-1225,buy,12140.0,0.0001,1.214,0.00023066
156919644,1596683176945,2020-08-06T03:06:16.945Z,BTC-1225,buy,12120.0,0.0002,2.424,0.00046056
156968696,1596686659357,2020-08-06T04:04:19.357Z,BTC-1225,buy,12100.0,0.0001,1.21,0.0002299
156970982,1596686788887,2020-08-06T04:06:28.887Z,BTC-1225,buy,12080.0,0.0002,2.416,0.00045904
157167199,1596701210673,2020-08-06T08:06:50.673Z,BTC-1225,sell,12120.0,0.0002,2.424,0.00046056
157568386,1596726035649,2020-08-06T15:00:35.649Z,BTC-1225,sell,12310.0,0.0015,18.465,0.00350835
157578190,1596726396762,2020-08-06T15:06:36.762Z,BTC-1225,sell,12350.0,0.0003,3.7049999999999996,0.00070395
158040224,1596753128406,2020-08-06T22:32:08.406Z,BTC-1225,buy,12240.0,0.0007,8.568,0.00162792
158111794,1596758439541,2020-08-07T00:00:39.541Z,BTC-1225,buy,12230.0,0.0001,1.223,0.0006970245
158111845,1596758440406,2020-08-07T00:00:40.406Z,BTC-1225,buy,12228.5,0.0001,1.22285,0.0006970245
158306096,1596771125380,2020-08-07T03:32:05.380Z,BTC-1225,sell,12380.0,0.0012,14.855999999999998,0.00282264
158322638,1596772556383,2020-08-07T03:55:56.383Z,BTC-1225,buy,12340.0,0.0002,2.468,0.00046892
158326480,1596772784711,2020-08-07T03:59:44.711Z,BTC-1225,buy,12330.0,0.0001,1.233,0.00023427
158465890,1596782299515,2020-08-07T06:38:19.515Z,BTC-1225,buy,12280.0,0.0004,4.912,0.00093328
158527676,1596787492735,2020-08-07T08:04:52.735Z,BTC-1225,buy,12260.0,0.0001,1.226,0.00023294
158530606,1596787600198,2020-08-07T08:06:40.198Z,BTC-1225,buy,12240.0,0.0002,2.448,0.00046512
158531396,1596787609982,2020-08-07T08:06:49.982Z,BTC-1225,buy,12220.0,0.0002,2.444,0.00046436
158542718,1596788191512,2020-08-07T08:16:31.512Z,BTC-1225,sell,12300.0,0.0005,6.15,0.0011685
158549360,1596788576056,2020-08-07T08:22:56.056Z,BTC-1225,sell,12310.0,0.0001,1.231,0.00023389
158559508,1596789099734,2020-08-07T08:31:39.734Z,BTC-1225,sell,12320.0,0.0001,1.232,0.00023408
158752391,1596802578128,2020-08-07T12:16:18.128Z,BTC-1225,buy,12230.0,0.0006,7.337999999999999,0.00139422
158756545,1596802853713,2020-08-07T12:20:53.713Z,BTC-1225,buy,12220.0,0.0001,1.222,0.00023218
158758507,1596802969968,2020-08-07T12:22:49.968Z,BTC-1225,buy,12210.0,0.0001,1.221,0.00023199
158761479,1596803118167,2020-08-07T12:25:18.167Z,BTC-1225,buy,12190.0,0.0001,1.219,0.00023161
158771817,1596803437095,2020-08-07T12:30:37.095Z,BTC-1225,buy,12160.0,0.0003,3.6479999999999997,0.00069312
158782065,1596803891049,2020-08-07T12:38:11.049Z,BTC-1225,sell,12190.0,0.0001,1.219,0.00023161
158782290,1596803901197,2020-08-07T12:38:21.197Z,BTC-1225,sell,12200.5,0.0001,1.22005,0.0006954285
158791125,1596804509494,2020-08-07T12:48:29.494Z,BTC-1225,sell,12210.0,0.0001,1.221,0.00023199
158996589,1596813837544,2020-08-07T15:23:57.544Z,BTC-1225,buy,12110.0,0.0007,8.477,0.00161063
158997225,1596813879108,2020-08-07T15:24:39.108Z,BTC-1225,buy,12100.0,0.0001,1.21,0.0002299
159368518,1596826891997,2020-08-07T19:01:31.997Z,BTC-1225,buy,11880.0,0.0018,21.384,0.00406296
159423461,1596830736507,2020-08-07T20:05:36.507Z,BTC-1225,sell,11930.0,0.0002,2.386,0.00136002
159426258,1596830900341,2020-08-07T20:08:20.341Z,BTC-1225,sell,11942.5,0.0001,1.19425,0.0006807225
159426977,1596830925730,2020-08-07T20:08:45.730Z,BTC-1225,sell,11950.0,0.0001,1.195,0.00022705
159432049,1596831191995,2020-08-07T20:13:11.995Z,BTC-1225,sell,11970.0,0.0002,2.394,0.00045486
159532398,1596841271305,2020-08-07T23:01:11.305Z,BTC-1225,sell,12000.0,0.0002,2.4,0.000456
159533557,1596841412834,2020-08-07T23:03:32.834Z,BTC-1225,sell,12022.0,0.0002,2.4044000000000003,0.001370508
159533776,1596841428705,2020-08-07T23:03:48.705Z,BTC-1225,sell,12030.0,0.0001,1.203,0.00022857
159535694,1596841588346,2020-08-07T23:06:28.346Z,BTC-1225,sell,12050.0,0.0001,1.205,0.00022895
159549462,1596843321822,2020-08-07T23:35:21.822Z,BTC-1225,buy,12010.0,0.0001,1.201,0.00022819
159607039,1596847741188,2020-08-08T00:49:01.188Z,BTC-1225,sell,12060.0,0.0002,2.412,0.00045828
159745968,1596862005549,2020-08-08T04:46:45.549Z,BTC-1225,buy,12019.5,0.0001,1.20195,0.0006851115
159746921,1596862138437,2020-08-08T04:48:58.437Z,BTC-1225,buy,12010.0,0.0001,1.201,0.00022819
159748109,1596862300279,2020-08-08T04:51:40.279Z,BTC-1225,buy,12000.0,0.0001,1.2,0.000228
159751223,1596862629421,2020-08-08T04:57:09.421Z,BTC-1225,buy,11990.0,0.0001,1.199,0.00022781
159833707,1596871005971,2020-08-08T07:16:45.971Z,BTC-1225,sell,12050.0,0.0003,3.6149999999999998,0.00068685
160033863,1596887218795,2020-08-08T11:46:58.795Z,BTC-1225,sell,12290.0,0.002,24.580000000000002,0.0046702
160034603,1596887290117,2020-08-08T11:48:10.117Z,BTC-1225,sell,12300.0,0.0001,1.23,0.0002337
160043083,1596888004435,2020-08-08T12:00:04.435Z,BTC-1225,sell,12320.0,0.0001,1.232,0.00023408
160124306,1596894485111,2020-08-08T13:48:05.111Z,BTC-1225,buy,12270.0,0.0002,2.454,0.00139878
160219656,1596902538026,2020-08-08T16:02:18.026Z,BTC-1225,sell,12300.0,0.0001,1.23,0.0002337
160363052,1596909898712,2020-08-08T18:04:58.712Z,BTC-1225,buy,12220.0,0.0005,6.11,0.0011609
160641472,1596926849898,2020-08-08T22:47:29.898Z,BTC-1225,sell,12280.0,0.0003,3.6839999999999997,0.00069996
160796153,1596936079902,2020-08-09T01:21:19.902Z,BTC-1225,sell,12290.0,0.0001,1.229,0.00023351
161025270,1596955547372,2020-08-09T06:45:47.372Z,BTC-1225,buy,12212.5,0.0004,4.885000000000001,0.00278445
161026763,1596955674271,2020-08-09T06:47:54.271Z,BTC-1225,buy,12210.0,0.0001,1.221,0.00023199
161028179,1596955801178,2020-08-09T06:50:01.178Z,BTC-1225,buy,12200.0,0.0001,1.22,0.0002318
161048724,1596957270948,2020-08-09T07:14:30.948Z,BTC-1225,sell,12230.0,0.0001,1.223,0.00069711
161401300,1596979184447,2020-08-09T13:19:44.447Z,BTC-1225,buy,12190.0,0.0002,2.438,0.00046322
161414508,1596980081514,2020-08-09T13:34:41.514Z,BTC-1225,buy,12180.0,0.0001,1.218,0.00023142
161578834,1596988565484,2020-08-09T15:56:05.484Z,BTC-1225,buy,12090.0,0.0007,8.463,0.00160797
161583248,1596988765642,2020-08-09T15:59:25.642Z,BTC-1225,buy,12080.0,0.0001,1.208,0.00022952
161762845,1596998022820,2020-08-09T18:33:42.820Z,BTC-1225,buy,12060.0,0.0001,1.206,0.00022914
161845944,1597003251210,2020-08-09T20:00:51.210Z,BTC-1225,sell,12133.5,0.0003,3.6400499999999996,0.0020748285
161847765,1597003363083,2020-08-09T20:02:43.083Z,BTC-1225,sell,12140.0,0.0001,1.214,0.00023066
161858210,1597004043100,2020-08-09T20:14:03.100Z,BTC-1225,sell,12156.0,0.0001,1.2156,0.000692892
161874897,1597005349496,2020-08-09T20:35:49.496Z,BTC-1225,sell,12160.0,0.0001,1.216,0.00023104
162392882,1597032322603,2020-08-10T04:05:22.603Z,BTC-1225,sell,12660.0,0.0039,49.373999999999995,0.00938106
162404964,1597033007715,2020-08-10T04:16:47.715Z,BTC-1225,buy,12620.0,0.0001,1.262,0.00023978
162409634,1597033381612,2020-08-10T04:23:01.612Z,BTC-1225,buy,12610.0,0.0001,1.2610000000000001,0.00023959
162506770,1597039892533,2020-08-10T06:11:32.533Z,BTC-1225,buy,12598.0,0.0001,1.2598,0.000718086
162722595,1597055296187,2020-08-10T10:28:16.187Z,BTC-1225,buy,12570.0,0.0002,2.5140000000000002,0.00047766
162859259,1597060247565,2020-08-10T11:50:47.565Z,BTC-1225,buy,12270.0,0.0024,29.447999999999997,0.00559512
163040169,1597071908646,2020-08-10T15:05:08.646Z,BTC-1225,sell,12450.0,0.0008,9.96,0.0018924
163040193,1597071909565,2020-08-10T15:05:09.565Z,BTC-1225,sell,12450.0,0.0004,4.98,0.0009462
163042147,1597072040132,2020-08-10T15:07:20.132Z,BTC-1225,sell,12470.0,0.0002,2.494,0.00047386
163044150,1597072127040,2020-08-10T15:08:47.040Z,BTC-1225,sell,12482.0,0.0001,1.2482,0.000711474
163045613,1597072193777,2020-08-10T15:09:53.777Z,BTC-1225,sell,12490.0,0.0001,1.249,0.00023731
163079386,1597074204422,2020-08-10T15:43:24.422Z,BTC-1225,buy,12450.0,0.0002,2.49,0.0004731
163079844,1597074220816,2020-08-10T15:43:40.816Z,BTC-1225,buy,12440.0,0.0001,1.244,0.00023636
163102462,1597074992196,2020-08-10T15:56:32.196Z,BTC-1225,sell,12480.0,0.0002,2.496,0.001422948
163102513,1597074993511,2020-08-10T15:56:33.511Z,BTC-1225,sell,12482.0,0.0002,2.4964,0.001422948
163139302,1597076571973,2020-08-10T16:22:51.973Z,BTC-1225,buy,12480.0,0.0001,1.248,0.00023712
163145573,1597076717706,2020-08-10T16:25:17.706Z,BTC-1225,buy,12440.0,0.0003,3.7319999999999998,0.00070908
163241212,1597083037074,2020-08-10T18:10:37.074Z,BTC-1225,buy,12430.0,0.0001,1.243,0.00023617
163438967,1597097147611,2020-08-10T22:05:47.611Z,BTC-1225,buy,12370.0,0.0004,4.948,0.00094012
163440691,1597097214515,2020-08-10T22:06:54.515Z,BTC-1225,buy,12340.0,0.0003,3.7019999999999995,0.00070338
163441543,1597097247157,2020-08-10T22:07:27.157Z,BTC-1225,buy,12320.0,0.0001,1.232,0.00023408
163453875,1597098162141,2020-08-10T22:22:42.141Z,BTC-1225,sell,12360.0,0.0001,1.236,0.00023484
163574868,1597107699222,2020-08-11T01:01:39.222Z,BTC-1225,sell,12430.0,0.0006,7.457999999999999,0.00141702
163777541,1597120644614,2020-08-11T04:37:24.614Z,BTC-1225,buy,12370.0,0.0003,3.711,0.00070509
164083936,1597138292814,2020-08-11T09:31:32.814Z,BTC-1225,buy,12260.0,0.0008,9.808,0.00186352
164083952,1597138293794,2020-08-11T09:31:33.794Z,BTC-1225,buy,12260.0,0.0001,1.226,0.00023294
164085722,1597138503662,2020-08-11T09:35:03.662Z,BTC-1225,buy,12250.0,0.0001,1.225,0.00023275
164090256,1597138867992,2020-08-11T09:41:07.992Z,BTC-1225,buy,12240.0,0.0001,1.224,0.00023256
164093692,1597139145501,2020-08-11T09:45:45.501Z,BTC-1225,buy,12210.0,0.0002,2.442,0.00046398
164440985,1597154501417,2020-08-11T14:01:41.417Z,BTC-1225,buy,12090.0,0.001,12.09,0.0022971
164446209,1597154651407,2020-08-11T14:04:11.407Z,BTC-1225,buy,12060.0,0.0003,3.618,0.00068742
164448985,1597154733186,2020-08-11T14:05:33.186Z,BTC-1225,buy,12050.0,0.0001,1.205,0.00022895
164454261,1597154885154,2020-08-11T14:08:05.154Z,BTC-1225,buy,12040.0,0.0001,1.204,0.00022876
164636994,1597160871390,2020-08-11T15:47:51.390Z,BTC-1225,buy,11950.0,0.0007,8.365,0.00158935
164644291,1597161408870,2020-08-11T15:56:48.870Z,BTC-1225,buy,11930.0,0.0002,2.386,0.00045334
164646803,1597161506410,2020-08-11T15:58:26.410Z,BTC-1225,buy,11920.0,0.0001,1.192,0.00022648
164844352,1597168846858,2020-08-11T18:00:46.858Z,BTC-1225,buy,11900.0,0.0001,1.19,0.0002261
164907939,1597173399974,2020-08-11T19:16:39.974Z,BTC-1225,buy,11889.5,0.0001,1.18895,0.0006777015
164908594,1597173424213,2020-08-11T19:17:04.213Z,BTC-1225,buy,11880.0,0.0001,1.1880000000000002,0.00022572
164910939,1597173571158,2020-08-11T19:19:31.158Z,BTC-1225,buy,11846.5,0.0003,3.5539499999999995,0.0020257515
164913740,1597173741504,2020-08-11T19:22:21.504Z,BTC-1225,buy,11830.0,0.0001,1.183,0.00022477
164920312,1597174126204,2020-08-11T19:28:46.204Z,BTC-1225,buy,11820.0,0.0001,1.1820000000000002,0.00022458
165137624,1597181544810,2020-08-11T21:32:24.810Z,BTC-1225,buy,11683.5,0.0011,12.85185,0.0073255545
165141353,1597181712415,2020-08-11T21:35:12.415Z,BTC-1225,buy,11680.0,0.0001,1.1680000000000001,0.00022192
165141705,1597181735494,2020-08-11T21:35:35.494Z,BTC-1225,buy,11670.0,0.0001,1.167,0.00022173
165348277,1597192380802,2020-08-12T00:33:00.802Z,BTC-1225,sell,11770.0,0.0007,8.239,0.00156541
165353033,1597192585525,2020-08-12T00:36:25.525Z,BTC-1225,sell,11790.0,0.0001,1.179,0.00022401
165577142,1597203059937,2020-08-12T03:30:59.937Z,BTC-1225,buy,11710.0,0.0005,5.855,0.00111245
165579484,1597203197455,2020-08-12T03:33:17.455Z,BTC-1225,buy,11690.0,0.0001,1.169,0.00022211
165667530,1597208081440,2020-08-12T04:54:41.440Z,BTC-1225,sell,11740.0,0.0002,2.3480000000000003,0.00044612
165982229,1597223029795,2020-08-12T09:03:49.795Z,BTC-1225,sell,11880.0,0.0012,14.255999999999998,0.00270864
165988391,1597223462791,2020-08-12T09:11:02.791Z,BTC-1225,sell,11900.0,0.0002,2.38,0.0004522
166060859,1597227365317,2020-08-12T10:16:05.317Z,BTC-1225,sell,11920.0,0.0001,1.192,0.00022648
166063377,1597227497165,2020-08-12T10:18:17.165Z,BTC-1225,sell,11930.0,0.0001,1.193,0.00022667
166075127,1597228048979,2020-08-12T10:27:28.979Z,BTC-1225,sell,11960.0,0.0003,3.5879999999999996,0.00068172
166476612,1597247368663,2020-08-12T15:49:28.663Z,BTC-1225,sell,12000.0,0.0003,3.5999999999999996,0.000684
166481166,1597247608343,2020-08-12T15:53:28.343Z,BTC-1225,sell,12020.0,0.0002,2.404,0.00045676
166666169,1597256557763,2020-08-12T18:22:37.763Z,BTC-1225,buy,11980.0,0.0002,2.396,0.00045524
166672817,1597256926211,2020-08-12T18:28:46.211Z,BTC-1225,buy,11970.0,0.0001,1.197,0.00022743
166944115,1597273409404,2020-08-12T23:03:29.404Z,BTC-1225,sell,12000.0,0.0001,1.2,0.000228
166973741,1597274900639,2020-08-12T23:28:20.639Z,BTC-1225,sell,12020.0,0.0002,2.404,0.00045676
167138971,1597283073331,2020-08-13T01:44:33.331Z,BTC-1225,sell,12080.0,0.0002,2.416,0.00045904
167140551,1597283164332,2020-08-13T01:46:04.332Z,BTC-1225,sell,12080.0,0.0003,3.6239999999999997,0.00068856
167195041,1597286239539,2020-08-13T02:37:19.539Z,BTC-1225,buy,12040.0,0.0002,2.408,0.00045752
167203097,1597286621994,2020-08-13T02:43:41.994Z,BTC-1225,buy,12030.0,0.0001,1.203,0.00022857
167466459,1597302015385,2020-08-13T07:00:15.385Z,BTC-1225,buy,12020.0,0.0001,1.202,0.00022838
167832233,1597312959564,2020-08-13T10:02:39.564Z,BTC-1225,buy,11800.0,0.0018,21.24,0.0040356
167840859,1597313231434,2020-08-13T10:07:11.434Z,BTC-1225,buy,11780.0,0.0002,2.3560000000000003,0.00044764
168041676,1597321371709,2020-08-13T12:22:51.709Z,BTC-1225,sell,11920.0,0.0009,10.728,0.00203832
168043660,1597321502217,2020-08-13T12:25:02.217Z,BTC-1225,sell,11920.0,0.0001,1.192,0.00022648
168045736,1597321608797,2020-08-13T12:26:48.797Z,BTC-1225,sell,11930.0,0.0001,1.193,0.00022667
168048376,1597321693205,2020-08-13T12:28:13.205Z,BTC-1225,sell,11940.0,0.0001,1.194,0.00022686
168349760,1597335138852,2020-08-13T16:12:18.852Z,BTC-1225,buy,11910.0,0.0001,1.191,0.00022629
168352220,1597335244633,2020-08-13T16:14:04.633Z,BTC-1225,buy,11900.0,0.0001,1.19,0.0002261
168491484,1597340877362,2020-08-13T17:47:57.362Z,BTC-1225,sell,11940.0,0.0002,2.388,0.00045372
168496982,1597341081074,2020-08-13T17:51:21.074Z,BTC-1225,sell,11950.0,0.0001,1.195,0.00022705
168510088,1597341628381,2020-08-13T18:00:28.381Z,BTC-1225,sell,11970.0,0.0001,1.197,0.00022743
169149705,1597366508788,2020-08-14T00:55:08.788Z,BTC-1225,sell,12280.0,0.0008,9.824,0.00186656
169149737,1597366509933,2020-08-14T00:55:09.933Z,BTC-1225,sell,12280.0,0.0008,9.824,0.00186656
169149817,1597366515048,2020-08-14T00:55:15.048Z,BTC-1225,sell,12280.0,0.0008,9.824,0.00186656
169149835,1597366516319,2020-08-14T00:55:16.319Z,BTC-1225,sell,12280.0,0.0001,1.228,0.00023332
169496401,1597384999663,2020-08-14T06:03:19.663Z,BTC-1225,buy,12240.0,0.0001,1.224,0.00023256
169530533,1597386944153,2020-08-14T06:35:44.153Z,BTC-1225,buy,12230.0,0.0001,1.223,0.00023237
169713166,1597397926438,2020-08-14T09:38:46.438Z,BTC-1225,buy,12220.0,0.0001,1.222,0.00023218
169815660,1597404087155,2020-08-14T11:21:27.155Z,BTC-1225,sell,12280.0,0.0003,3.6839999999999997,0.00069996
169899379,1597408986450,2020-08-14T12:43:06.450Z,BTC-1225,sell,12290.0,0.0001,1.229,0.00023351
173365848,1597623385793,2020-08-17T00:16:25.793Z,BTC-1225,sell,12370.0,0.0007,8.659,0.00164521
173368648,1597623579819,2020-08-17T00:19:39.819Z,BTC-1225,sell,12400.0,0.0002,2.48,0.0004712
173437731,1597629952497,2020-08-17T02:05:52.497Z,BTC-1225,buy,12369.5,0.0001,1.23695,0.0007050615
173442542,1597630396254,2020-08-17T02:13:16.254Z,BTC-1225,buy,12350.0,0.0001,1.235,0.00023465
173451036,1597631087310,2020-08-17T02:24:47.310Z,BTC-1225,buy,12340.0,0.0001,1.234,0.00023446
173549004,1597638668491,2020-08-17T04:31:08.491Z,BTC-1225,sell,12370.0,0.0001,1.237,0.00023503
173720978,1597651844932,2020-08-17T08:10:44.932Z,BTC-1225,sell,12390.0,0.0001,1.239,0.00070623
173727487,1597652107553,2020-08-17T08:15:07.553Z,BTC-1225,sell,12430.0,0.0003,3.7289999999999996,0.00070851
173969131,1597667731919,2020-08-17T12:35:31.919Z,BTC-1225,sell,12470.0,0.0004,4.988,0.00094772
173983817,1597668494616,2020-08-17T12:48:14.616Z,BTC-1225,sell,12480.0,0.0001,1.248,0.00023712
174001735,1597669205764,2020-08-17T13:00:05.764Z,BTC-1225,buy,12450.0,0.0001,1.245,0.00023655
174022974,1597670406286,2020-08-17T13:20:06.286Z,BTC-1225,sell,12490.0,0.0001,1.249,0.00023731
174036496,1597670555933,2020-08-17T13:22:35.933Z,BTC-1225,sell,12640.0,0.0012,15.168,0.00288192
174053718,1597670702444,2020-08-17T13:25:02.444Z,BTC-1225,sell,12763.5,0.0008,10.2108,0.005820156
174054538,1597670711902,2020-08-17T13:25:11.902Z,BTC-1225,sell,12796.0,0.0004,5.1184,0.002917488
174055782,1597670725760,2020-08-17T13:25:25.760Z,BTC-1225,sell,12810.0,0.0001,1.2810000000000001,0.00024339
174093811,1597671053498,2020-08-17T13:30:53.498Z,BTC-1225,buy,12614.0,0.0013,16.3982,0.009346974
174095166,1597671071290,2020-08-17T13:31:11.290Z,BTC-1225,buy,12610.0,0.0001,1.2610000000000001,0.00023959
174679542,1597695550164,2020-08-17T20:19:10.164Z,BTC-1225,sell,12940.0,0.0006,7.763999999999999,0.00147516
174679548,1597695551056,2020-08-17T20:19:11.056Z,BTC-1225,sell,12940.0,0.0011,14.234,0.00270446
174679580,1597695552246,2020-08-17T20:19:12.246Z,BTC-1225,sell,12940.0,0.0007,9.058,0.00172102
174684506,1597695948817,2020-08-17T20:25:48.817Z,BTC-1225,sell,12960.0,0.0002,2.592,0.00049248
174923475,1597710096849,2020-08-18T00:21:36.849Z,BTC-1225,buy,12930.0,0.0001,1.2930000000000001,0.00024567
174932711,1597710724077,2020-08-18T00:32:04.077Z,BTC-1225,buy,12920.0,0.0001,1.292,0.00024548
175216074,1597729877198,2020-08-18T05:51:17.198Z,BTC-1225,buy,12860.0,0.0004,5.144,0.00097736
175217560,1597730001593,2020-08-18T05:53:21.593Z,BTC-1225,buy,12850.0,0.0001,1.2850000000000001,0.00024415
175218816,1597730077952,2020-08-18T05:54:37.952Z,BTC-1225,buy,12820.0,0.0002,2.564,0.00048716
175225166,1597730409443,2020-08-18T06:00:09.443Z,BTC-1225,buy,12800.0,0.0002,2.56,0.0004864
175320604,1597737456857,2020-08-18T07:57:36.857Z,BTC-1225,sell,12830.0,0.0001,1.2830000000000001,0.00024377
175641469,1597753956118,2020-08-18T12:32:36.118Z,BTC-1225,buy,12760.0,0.0004,5.104,0.00096976
176005691,1597764482936,2020-08-18T15:28:02.936Z,BTC-1225,buy,12527.0,0.0005,6.2635000000000005,0.003570195
176005766,1597764486890,2020-08-18T15:28:06.890Z,BTC-1225,buy,12530.0,0.0014,17.542,0.00333298
176107018,1597768742827,2020-08-18T16:39:02.827Z,BTC-1225,buy,12480.0,0.0004,4.992,0.00094848
176248231,1597777597093,2020-08-18T19:06:37.093Z,BTC-1225,sell,12520.0,0.0002,2.504,0.00047576
176254317,1597778074042,2020-08-18T19:14:34.042Z,BTC-1225,sell,12530.0,0.0001,1.2530000000000001,0.00023807
176345056,1597785165646,2020-08-18T21:12:45.646Z,BTC-1225,sell,12570.0,0.0003,3.7709999999999995,0.00071649
176514983,1597798173934,2020-08-19T00:49:33.934Z,BTC-1225,buy,12490.0,0.0004,4.996,0.00094924
176515147,1597798187241,2020-08-19T00:49:47.241Z,BTC-1225,buy,12490.0,0.0001,1.249,0.00023731
176518263,1597798483123,2020-08-19T00:54:43.123Z,BTC-1225,buy,12480.0,0.0001,1.248,0.00023712
176651384,1597807981904,2020-08-19T03:33:01.904Z,BTC-1225,buy,12420.0,0.0004,4.968,0.00094392
176653177,1597808063589,2020-08-19T03:34:23.589Z,BTC-1225,buy,12409.5,0.0001,1.24095,0.0007073415
176655198,1597808127552,2020-08-19T03:35:27.552Z,BTC-1225,buy,12400.0,0.0001,1.24,0.0002356
176662296,1597808336984,2020-08-19T03:38:56.984Z,BTC-1225,buy,12390.0,0.0001,1.239,0.00023541
176668928,1597808458210,2020-08-19T03:40:58.210Z,BTC-1225,buy,12370.0,0.0001,1.237,0.00023503
176676498,1597808744764,2020-08-19T03:45:44.764Z,BTC-1225,buy,12360.0,0.0001,1.236,0.00023484
177039312,1597819581227,2020-08-19T06:46:21.227Z,BTC-1225,buy,12180.0,0.0008,9.744,0.00185136
177039380,1597819582341,2020-08-19T06:46:22.341Z,BTC-1225,buy,12180.0,0.0007,8.526,0.00161994
177046622,1597819877099,2020-08-19T06:51:17.099Z,BTC-1225,buy,12160.0,0.0002,2.432,0.00046208
177210807,1597827688657,2020-08-19T09:01:28.657Z,BTC-1225,sell,12240.0,0.0004,4.896,0.00093024
177210823,1597827689594,2020-08-19T09:01:29.594Z,BTC-1225,sell,12240.0,0.0001,1.224,0.00023256
177213087,1597827837984,2020-08-19T09:03:57.984Z,BTC-1225,sell,12250.0,0.0001,1.225,0.00023275
177213122,1597827839026,2020-08-19T09:03:59.026Z,BTC-1225,sell,12253.0,0.0001,1.2253,0.000698421
177225023,1597828520991,2020-08-19T09:15:20.991Z,BTC-1225,sell,12270.0,0.0001,1.227,0.00023313
177332750,1597835056324,2020-08-19T11:04:16.324Z,BTC-1225,buy,12240.0,0.0001,1.224,0.00023256
177336182,1597835332829,2020-08-19T11:08:52.829Z,BTC-1225,buy,12230.0,0.0001,1.223,0.00023237
177403603,1597840332308,2020-08-19T12:32:12.308Z,BTC-1225,sell,12281.0,0.0002,2.4562,0.001400034
177484548,1597845594738,2020-08-19T13:59:54.738Z,BTC-1225,sell,12300.0,0.0002,2.46,0.0004674
177661953,1597853951677,2020-08-19T16:19:11.677Z,BTC-1225,buy,12190.0,0.0007,8.533,0.00162127
177662601,1597853992314,2020-08-19T16:19:52.314Z,BTC-1225,buy,12180.0,0.0001,1.218,0.00023142
177665043,1597854141992,2020-08-19T16:22:21.992Z,BTC-1225,buy,12170.0,0.0001,1.217,0.00023123
177669319,1597854287504,2020-08-19T16:24:47.504Z,BTC-1225,buy,12148.0,0.0001,1.2148,0.000692436
177671843,1597854319472,2020-08-19T16:25:19.472Z,BTC-1225,buy,12140.0,0.0001,1.214,0.00023066
177678314,1597854483915,2020-08-19T16:28:03.915Z,BTC-1225,buy,12130.0,0.0001,1.213,0.00023047
177851391,1597864406990,2020-08-19T19:13:26.990Z,BTC-1225,buy,12120.0,0.0001,1.212,0.00023028
177888062,1597866417426,2020-08-19T19:46:57.426Z,BTC-1225,buy,12110.0,0.0001,1.211,0.00023009
177890372,1597866550235,2020-08-19T19:49:10.235Z,BTC-1225,buy,12100.0,0.0001,1.21,0.0002299
178029390,1597874411947,2020-08-19T22:00:11.947Z,BTC-1225,sell,12153.0,0.0002,2.4306,0.001385442
178029606,1597874420582,2020-08-19T22:00:20.582Z,BTC-1225,sell,12163.5,0.0001,1.21635,0.0006933195
178085651,1597879518993,2020-08-19T23:25:18.993Z,BTC-1225,sell,12170.0,0.0001,1.217,0.00023123
178088335,1597879812439,2020-08-19T23:30:12.439Z,BTC-1225,sell,12180.0,0.0001,1.218,0.00023142
178193848,1597887132796,2020-08-20T01:32:12.796Z,BTC-1225,sell,12230.0,0.0004,4.892,0.00092948
178202128,1597887821479,2020-08-20T01:43:41.479Z,BTC-1225,sell,12240.0,0.0001,1.224,0.00023256
178284175,1597894564506,2020-08-20T03:36:04.506Z,BTC-1225,buy,12190.0,0.0002,2.438,0.00046322
178286087,1597894714360,2020-08-20T03:38:34.360Z,BTC-1225,buy,12180.0,0.0001,1.218,0.00023142
178288347,1597894948571,2020-08-20T03:42:28.571Z,BTC-1225,buy,12170.0,0.0001,1.217,0.00023123
178291491,1597895188058,2020-08-20T03:46:28.058Z,BTC-1225,buy,12160.0,0.0001,1.216,0.00023104
178382797,1597902304844,2020-08-20T05:45:04.844Z,BTC-1225,buy,12147.0,0.0001,1.2147000000000001,0.000692379
178402194,1597903822907,2020-08-20T06:10:22.907Z,BTC-1225,sell,12180.0,0.0001,1.218,0.00023142
178407420,1597904124349,2020-08-20T06:15:24.349Z,BTC-1225,sell,12210.0,0.0003,3.663,0.00069597
178719462,1597926967388,2020-08-20T12:36:07.388Z,BTC-1225,sell,12260.0,0.0004,4.904,0.00093176
178888274,1597937932001,2020-08-20T15:38:52.001Z,BTC-1225,sell,12280.0,0.0001,1.228,0.00023332
178892948,1597938312521,2020-08-20T15:45:12.521Z,BTC-1225,sell,12300.0,0.0002,2.46,0.0004674
179215371,1597957567993,2020-08-20T21:06:07.993Z,BTC-1225,sell,12320.0,0.0001,1.232,0.0
179318688,1597965329711,2020-08-20T23:15:29.711Z,BTC-1225,buy,12270.0,0.0002,2.454,0.0
179527090,1597977232392,2020-08-21T02:33:52.392Z,BTC-1225,buy,12260.0,0.0001,1.226,0.0
179538706,1597977745791,2020-08-21T02:42:25.791Z,BTC-1225,buy,12240.0,0.0001,1.224,0.0
179685408,1597985822213,2020-08-21T04:57:02.213Z,BTC-1225,sell,12300.0,0.0003,3.6899999999999995,0.0
179687412,1597985951943,2020-08-21T04:59:11.943Z,BTC-1225,sell,12320.0,0.0001,1.232,0.0
179812564,1597994200150,2020-08-21T07:16:40.150Z,BTC-1225,buy,12270.0,0.0002,2.454,0.0
179818534,1597994673854,2020-08-21T07:24:33.854Z,BTC-1225,buy,12260.0,0.0001,1.226,0.0
180335898,1598014806589,2020-08-21T13:00:06.589Z,BTC-1225,buy,12200.0,0.0005,6.1000000000000005,0.0
180457558,1598020348557,2020-08-21T14:32:28.557Z,BTC-1225,buy,12140.0,0.0004,4.856,0.0
180516076,1598023397293,2020-08-21T15:23:17.293Z,BTC-1225,sell,12180.0,0.0001,1.218,0.0
180525470,1598023897531,2020-08-21T15:31:37.531Z,BTC-1225,sell,12190.0,0.0001,1.219,0.0
180608603,1598028016336,2020-08-21T16:40:16.336Z,BTC-1225,buy,12140.0,0.0002,2.428,0.0
180615859,1598028546825,2020-08-21T16:49:06.825Z,BTC-1225,buy,12130.0,0.0001,1.213,0.0
180846727,1598036558086,2020-08-21T19:02:38.086Z,BTC-1225,buy,12110.0,0.0002,2.422,0.00138054
181124643,1598049327970,2020-08-21T22:35:27.970Z,BTC-1225,buy,11980.0,0.001,11.98,0.0
181124715,1598049328987,2020-08-21T22:35:28.987Z,BTC-1225,buy,11980.0,0.0001,1.198,0.0
181126193,1598049422741,2020-08-21T22:37:02.741Z,BTC-1225,buy,11960.0,0.0001,1.196,0.0
181131991,1598049760525,2020-08-21T22:42:40.525Z,BTC-1225,buy,11950.0,0.0001,1.195,0.0
181431889,1598059933473,2020-08-22T01:32:13.473Z,BTC-1225,buy,11858.0,0.0008,9.4864,0.005407248
181432990,1598059973648,2020-08-22T01:32:53.648Z,BTC-1225,buy,11850.0,0.0001,1.185,0.0
181444128,1598060398390,2020-08-22T01:39:58.390Z,BTC-1225,buy,11830.0,0.0001,1.183,0.0
181446918,1598060500034,2020-08-22T01:41:40.034Z,BTC-1225,buy,11820.0,0.0001,1.1820000000000002,0.0
181542492,1598065365875,2020-08-22T03:02:45.875Z,BTC-1225,sell,11860.0,0.0001,1.1860000000000002,0.0
181955761,1598087865861,2020-08-22T09:17:45.861Z,BTC-1225,sell,11970.0,0.0009,10.773,0.0
182278704,1598106675160,2020-08-22T14:31:15.160Z,BTC-1225,sell,11980.5,0.0001,1.19805,0.0006828885
182283137,1598106991870,2020-08-22T14:36:31.870Z,BTC-1225,sell,11990.0,0.0001,1.199,0.0
182291081,1598107525787,2020-08-22T14:45:25.787Z,BTC-1225,sell,12000.0,0.0001,1.2,0.0
182461337,1598116651502,2020-08-22T17:17:31.502Z,BTC-1225,buy,11960.0,0.0002,2.392,0.0
182584468,1598124668596,2020-08-22T19:31:08.596Z,BTC-1225,sell,11990.0,0.0001,1.199,0.0
182750056,1598136916926,2020-08-22T22:55:16.926Z,BTC-1225,sell,12060.0,0.0006,7.236,0.0
182753354,1598137205972,2020-08-22T23:00:05.972Z,BTC-1225,sell,12070.0,0.0001,1.207,0.0
182904696,1598146625920,2020-08-23T01:37:05.920Z,BTC-1225,buy,12040.0,0.0001,1.204,0.0
182905386,1598146674237,2020-08-23T01:37:54.237Z,BTC-1225,buy,12030.0,0.0001,1.203,0.0
183067702,1598158144002,2020-08-23T04:49:04.002Z,BTC-1225,buy,12010.0,0.0001,1.201,0.0
183075011,1598158839757,2020-08-23T05:00:39.757Z,BTC-1225,buy,12000.0,0.0001,1.2,0.0
183134887,1598163560119,2020-08-23T06:19:20.119Z,BTC-1225,buy,11990.0,0.0001,1.199,0.0
183470003,1598186103892,2020-08-23T12:35:03.892Z,BTC-1225,buy,11950.0,0.0003,3.5849999999999995,0.0
183560210,1598191340603,2020-08-23T14:02:20.603Z,BTC-1225,sell,12000.0,0.0002,2.4,0.0
183561842,1598191453852,2020-08-23T14:04:13.852Z,BTC-1225,sell,12010.0,0.0001,1.201,0.0
183568338,1598191970244,2020-08-23T14:12:50.244Z,BTC-1225,sell,12020.0,0.0001,1.202,0.0
183690129,1598200342138,2020-08-23T16:32:22.138Z,BTC-1225,sell,12042.0,0.0001,1.2042000000000002,0.000686394
183693496,1598200663607,2020-08-23T16:37:43.607Z,BTC-1225,sell,12050.0,0.0001,1.205,0.0
183766062,1598205834798,2020-08-23T18:03:54.798Z,BTC-1225,sell,12060.0,0.0001,1.206,0.0
183824954,1598209866288,2020-08-23T19:11:06.288Z,BTC-1225,sell,12090.0,0.0002,2.418,0.0
184134635,1598231318346,2020-08-24T01:08:38.346Z,BTC-1225,buy,12010.0,0.0005,6.005,0.0
184325086,1598245210978,2020-08-24T05:00:10.978Z,BTC-1225,sell,12070.0,0.0004,4.828,0.0
184505009,1598256022221,2020-08-24T08:00:22.221Z,BTC-1225,sell,12170.0,0.0008,9.736,0.0
184515037,1598256639776,2020-08-24T08:10:39.776Z,BTC-1225,sell,12190.0,0.0001,1.219,0.0
184522387,1598256881033,2020-08-24T08:14:41.033Z,BTC-1225,sell,12210.0,0.0002,2.442,0.0
184750421,1598270514637,2020-08-24T12:01:54.637Z,BTC-1225,sell,12230.0,0.0002,2.446,0.0
184757069,1598270865525,2020-08-24T12:07:45.525Z,BTC-1225,sell,12240.0,0.0001,1.224,0.0
184856219,1598277291319,2020-08-24T13:54:51.319Z,BTC-1225,buy,12210.0,0.0001,1.221,0.0
184859011,1598277491218,2020-08-24T13:58:11.218Z,BTC-1225,buy,12200.0,0.0001,1.22,0.0
184861491,1598277643727,2020-08-24T14:00:43.727Z,BTC-1225,buy,12190.0,0.0001,1.219,0.0
184904283,1598279726507,2020-08-24T14:35:26.507Z,BTC-1225,buy,12180.0,0.0001,1.218,0.0
185033248,1598285261935,2020-08-24T16:07:41.935Z,BTC-1225,buy,12160.0,0.0001,1.216,0.0
185036792,1598285421664,2020-08-24T16:10:21.664Z,BTC-1225,buy,12150.0,0.0001,1.215,0.0
185237231,1598295758603,2020-08-24T19:02:38.603Z,BTC-1225,buy,12130.0,0.0002,2.426,0.0
185249099,1598296253545,2020-08-24T19:10:53.545Z,BTC-1225,buy,12110.0,0.0001,1.211,0.0
185340851,1598301765330,2020-08-24T20:42:45.330Z,BTC-1225,sell,12150.0,0.0001,1.215,0.0
185458340,1598309893273,2020-08-24T22:58:13.273Z,BTC-1225,sell,12170.0,0.0002,2.434,0.0
185512931,1598313628756,2020-08-25T00:00:28.756Z,BTC-1225,sell,12180.0,0.0001,1.218,0.0
185833943,1598334752220,2020-08-25T05:52:32.220Z,BTC-1225,buy,12080.0,0.0007,8.456,0.0
186060065,1598346162461,2020-08-25T09:02:42.461Z,BTC-1225,buy,11940.0,0.0012,14.328,0.0
186209452,1598355983658,2020-08-25T11:46:23.658Z,BTC-1225,sell,11970.0,0.0001,1.197,0.0
186394965,1598362222856,2020-08-25T13:30:22.856Z,BTC-1225,buy,11830.0,0.001,11.83,0.0
186404303,1598362723307,2020-08-25T13:38:43.307Z,BTC-1225,buy,11810.0,0.0002,2.362,0.0
186411375,1598362843286,2020-08-25T13:40:43.286Z,BTC-1225,buy,11760.0,0.0004,4.704000000000001,0.0
186417795,1598362886975,2020-08-25T13:41:26.975Z,BTC-1225,buy,11740.0,0.0001,1.1740000000000002,0.0
186441201,1598363710684,2020-08-25T13:55:10.684Z,BTC-1225,sell,11780.0,0.0001,1.1780000000000002,0.0
186554260,1598366886343,2020-08-25T14:48:06.343Z,BTC-1225,buy,11730.0,0.0002,2.346,0.0
186564716,1598367453648,2020-08-25T14:57:33.648Z,BTC-1225,buy,11720.0,0.0001,1.1720000000000002,0.0
186567682,1598367626593,2020-08-25T15:00:26.593Z,BTC-1225,buy,11710.0,0.0001,1.171,0.0
187056973,1598381186551,2020-08-25T18:46:26.551Z,BTC-1225,buy,11570.0,0.0012,13.883999999999999,0.0
187157563,1598386584400,2020-08-25T20:16:24.400Z,BTC-1225,sell,11600.0,0.0001,1.1600000000000001,0.0
187206863,1598389091878,2020-08-25T20:58:11.878Z,BTC-1225,buy,11570.0,0.0001,1.157,0.0
187214345,1598389552835,2020-08-25T21:05:52.835Z,BTC-1225,sell,11600.0,0.0001,1.1600000000000001,0.0
187223267,1598390241567,2020-08-25T21:17:21.567Z,BTC-1225,sell,11620.0,0.0001,1.1620000000000001,0.0
187360643,1598399223780,2020-08-25T23:47:03.780Z,BTC-1225,sell,11700.0,0.0007,8.19,0.0
187483041,1598405144064,2020-08-26T01:25:44.064Z,BTC-1225,buy,11640.0,0.0003,3.4919999999999995,0.0
187601880,1598412724763,2020-08-26T03:32:04.763Z,BTC-1225,sell,11690.0,0.0002,2.338,0.0
187676564,1598418142751,2020-08-26T05:02:22.751Z,BTC-1225,sell,11710.0,0.0002,2.342,0.0
187838456,1598427349610,2020-08-26T07:35:49.610Z,BTC-1225,buy,11680.0,0.0001,1.1680000000000001,0.0
187978248,1598436074620,2020-08-26T10:01:14.620Z,BTC-1225,sell,11710.0,0.0001,1.171,0.0
188052404,1598439918841,2020-08-26T11:05:18.841Z,BTC-1225,sell,11740.0,0.0003,3.522,0.0
188577557,1598461318936,2020-08-26T17:01:58.936Z,BTC-1225,sell,11810.0,0.0005,5.905,0.0
188580049,1598461466307,2020-08-26T17:04:26.307Z,BTC-1225,sell,11820.0,0.0001,1.1820000000000002,0.0
189185737,1598499703975,2020-08-27T03:41:43.975Z,BTC-1225,buy,11730.0,0.0006,7.037999999999999,0.0
189244996,1598503307797,2020-08-27T04:41:47.797Z,BTC-1225,buy,11710.0,0.0001,1.171,0.0
189281814,1598505475503,2020-08-27T05:17:55.503Z,BTC-1225,buy,11700.0,0.0001,1.1700000000000002,0.0
189432709,1598513678039,2020-08-27T07:34:38.039Z,BTC-1225,sell,11730.0,0.0001,1.173,0.0
189437703,1598513932762,2020-08-27T07:38:52.762Z,BTC-1225,sell,11750.0,0.0001,1.175,0.0
189905752,1598533261702,2020-08-27T13:01:01.702Z,BTC-1225,buy,11680.0,0.0004,4.672000000000001,0.0
190070225,1598536905796,2020-08-27T14:01:45.796Z,BTC-1225,sell,11750.0,0.0004,4.7,0.002679
190269279,1598544075319,2020-08-27T16:01:15.319Z,BTC-1225,buy,11619.5,0.0009,10.45755,0.0059608035
190590423,1598552217713,2020-08-27T18:16:57.713Z,BTC-1225,buy,11470.0,0.0013,14.911,0.0
190595471,1598552509591,2020-08-27T18:21:49.591Z,BTC-1225,buy,11460.0,0.0001,1.1460000000000001,0.0
190703499,1598558773304,2020-08-27T20:06:13.304Z,BTC-1225,sell,11520.0,0.0003,3.4559999999999995,0.0
190705707,1598558919881,2020-08-27T20:08:39.881Z,BTC-1225,sell,11540.0,0.0002,2.3080000000000003,0.0
190708937,1598559050749,2020-08-27T20:10:50.749Z,BTC-1225,sell,11560.0,0.0002,2.3120000000000003,0.0
190941309,1598574216608,2020-08-28T00:23:36.608Z,BTC-1225,sell,11570.0,0.0001,1.157,0.0
190947391,1598574609578,2020-08-28T00:30:09.578Z,BTC-1225,sell,11580.0,0.0001,1.1580000000000001,0.0
191141525,1598585468633,2020-08-28T03:31:08.633Z,BTC-1225,sell,11660.0,0.0006,6.9959999999999996,0.0
191205600,1598589963592,2020-08-28T04:46:03.592Z,BTC-1225,sell,11682.0,0.0002,2.3364000000000003,0.001331748
191207349,1598590070195,2020-08-28T04:47:50.195Z,BTC-1225,sell,11690.0,0.0001,1.169,0.0
191216101,1598590812072,2020-08-28T05:00:12.072Z,BTC-1225,sell,11700.0,0.0001,1.1700000000000002,0.0
191343404,1598598981814,2020-08-28T07:16:21.814Z,BTC-1225,sell,11710.0,0.0001,1.171,0.0
191345886,1598599157417,2020-08-28T07:19:17.417Z,BTC-1225,sell,11720.0,0.0001,1.1720000000000002,0.0
191543712,1598611039503,2020-08-28T10:37:19.503Z,BTC-1225,sell,11750.0,0.0002,2.35,0.0
191552000,1598611604055,2020-08-28T10:46:44.055Z,BTC-1225,sell,11770.0,0.0002,2.354,0.0
192002517,1598633178684,2020-08-28T16:46:18.684Z,BTC-1225,sell,11860.0,0.0007,8.302,0.0
192131383,1598640751976,2020-08-28T18:52:31.976Z,BTC-1225,buy,11820.0,0.0001,1.1820000000000002,0.0
192301196,1598652771595,2020-08-28T22:12:51.595Z,BTC-1225,buy,11810.0,0.0001,1.181,0.0
192305200,1598653047574,2020-08-28T22:17:27.574Z,BTC-1225,buy,11800.0,0.0001,1.1800000000000002,0.0
192418233,1598661128059,2020-08-29T00:32:08.059Z,BTC-1225,sell,11840.0,0.0002,2.3680000000000003,0.0
192598971,1598677551710,2020-08-29T05:05:51.710Z,BTC-1225,sell,11850.0,0.0001,1.185,0.0
192643549,1598681382093,2020-08-29T06:09:42.093Z,BTC-1225,sell,11870.0,0.0001,1.187,0.0
192684736,1598684311575,2020-08-29T06:58:31.575Z,BTC-1225,sell,11880.0,0.0001,1.1880000000000002,0.0
192821832,1598690532911,2020-08-29T08:42:12.911Z,BTC-1225,sell,11910.0,0.0003,3.5729999999999995,0.0
193060711,1598702344698,2020-08-29T11:59:04.698Z,BTC-1225,buy,11810.0,0.0007,8.267,0.0
193061753,1598702391563,2020-08-29T11:59:51.563Z,BTC-1225,buy,11800.0,0.0001,1.1800000000000002,0.0
193070961,1598702681642,2020-08-29T12:04:41.642Z,BTC-1225,sell,11830.0,0.0001,1.183,0.0
193355684,1598718087063,2020-08-29T16:21:27.063Z,BTC-1225,sell,11850.0,0.0001,1.185,0.0
193493176,1598724536840,2020-08-29T18:08:56.840Z,BTC-1225,sell,11880.0,0.0003,3.5639999999999996,0.0
193521294,1598726632501,2020-08-29T18:43:52.501Z,BTC-1225,sell,11890.0,0.0001,1.189,0.0
193677477,1598737652229,2020-08-29T21:47:32.229Z,BTC-1225,buy,11860.0,0.0001,1.1860000000000002,0.0
193686699,1598738570840,2020-08-29T22:02:50.840Z,BTC-1225,buy,11850.0,0.0001,1.185,0.0
193757732,1598743934325,2020-08-29T23:32:14.325Z,BTC-1225,buy,11840.0,0.0001,1.1840000000000002,0.0
193772622,1598744771762,2020-08-29T23:46:11.762Z,BTC-1225,buy,11820.0,0.0001,1.1820000000000002,0.0
194030004,1598758323164,2020-08-30T03:32:03.164Z,BTC-1225,sell,11980.0,0.0011,13.178,0.0
194429982,1598781707114,2020-08-30T10:01:47.114Z,BTC-1225,buy,11940.0,0.0001,1.194,0.0
194461238,1598784429683,2020-08-30T10:47:09.683Z,BTC-1225,buy,11930.0,0.0001,1.193,0.0
194471348,1598785244605,2020-08-30T11:00:44.605Z,BTC-1225,buy,11920.0,0.0001,1.192,0.0
194575422,1598790885762,2020-08-30T12:34:45.762Z,BTC-1225,sell,11960.0,0.0002,2.392,0.0
194578686,1598790999648,2020-08-30T12:36:39.648Z,BTC-1225,sell,11980.0,0.0001,1.198,0.0
194584026,1598791206924,2020-08-30T12:40:06.924Z,BTC-1225,sell,11990.0,0.0001,1.199,0.0
194683109,1598795233970,2020-08-30T13:47:13.970Z,BTC-1225,sell,12010.0,0.0002,2.402,0.0
194699341,1598795920363,2020-08-30T13:58:40.363Z,BTC-1225,sell,12020.0,0.0001,1.202,0.0
194717555,1598796823467,2020-08-30T14:13:43.467Z,BTC-1225,buy,11990.0,0.0001,1.199,0.0
194886712,1598804319044,2020-08-30T16:18:39.044Z,BTC-1225,sell,12020.0,0.0001,1.202,0.0
195008119,1598808822258,2020-08-30T17:33:42.258Z,BTC-1225,sell,12050.0,0.0002,2.41,0.0
195014911,1598809229440,2020-08-30T17:40:29.440Z,BTC-1225,sell,12060.0,0.0001,1.206,0.0
195165701,1598819206931,2020-08-30T20:26:46.931Z,BTC-1225,buy,12030.0,0.0001,1.203,0.0
195432458,1598833895973,2020-08-31T00:31:35.973Z,BTC-1225,sell,12100.0,0.0004,4.84,0.0
195438624,1598834180163,2020-08-31T00:36:20.163Z,BTC-1225,sell,12110.0,0.0001,1.211,0.0
195441270,1598834342177,2020-08-31T00:39:02.177Z,BTC-1225,sell,12120.0,0.0001,1.212,0.0
195447780,1598834728452,2020-08-31T00:45:28.452Z,BTC-1225,sell,12130.0,0.0001,1.213,0.0
195463992,1598835728711,2020-08-31T01:02:08.711Z,BTC-1225,buy,12100.0,0.0001,1.21,0.0
195975518,1598866482059,2020-08-31T09:34:42.059Z,BTC-1225,buy,12060.0,0.0003,3.618,0.0
196322503,1598882713531,2020-08-31T14:05:13.531Z,BTC-1225,sell,12170.0,0.0007,8.519,0.0
196332584,1598883098595,2020-08-31T14:11:38.595Z,BTC-1225,sell,12180.0,0.0001,1.218,0.0
196463676,1598888463748,2020-08-31T15:41:03.748Z,BTC-1225,sell,12190.0,0.0001,1.219,0.0
196787346,1598905078217,2020-08-31T20:17:58.217Z,BTC-1225,buy,12160.0,0.0001,1.216,0.0
196891987,1598910436286,2020-08-31T21:47:16.286Z,BTC-1225,buy,12140.0,0.0002,2.428,0.0
196961704,1598913916473,2020-08-31T22:45:16.473Z,BTC-1225,buy,12110.0,0.0002,2.422,0.0
197196395,1598923927921,2020-09-01T01:32:07.921Z,BTC-1225,buy,12050.0,0.0005,6.025,0.0
197287261,1598929416834,2020-09-01T03:03:36.834Z,BTC-1225,buy,12060.0,0.0069,83.214,0.0
197290705,1598929603435,2020-09-01T03:06:43.435Z,BTC-1225,buy,12050.0,0.0002,2.41,0.0
197922427,1598952159783,2020-09-01T09:22:39.783Z,BTC-1225,sell,12390.0,0.0053,65.667,0.0
197938313,1598952721944,2020-09-01T09:32:01.944Z,BTC-1225,sell,12400.0,0.0001,1.24,0.0
198061097,1598956690431,2020-09-01T10:38:10.431Z,BTC-1225,sell,12450.0,0.0008,9.96,0.0
198325401,1598964385852,2020-09-01T12:46:25.852Z,BTC-1225,buy,12420.0,0.0002,2.484,0.0
198337649,1598964755217,2020-09-01T12:52:35.217Z,BTC-1225,buy,12400.0,0.0003,3.7199999999999998,0.0
198357163,1598965475811,2020-09-01T13:04:35.811Z,BTC-1225,buy,12390.0,0.0002,2.478,0.0
198894828,1598980626922,2020-09-01T17:17:06.922Z,BTC-1225,sell,12490.0,0.0014,17.486,0.0
199008184,1598986074468,2020-09-01T18:47:54.468Z,BTC-1225,sell,12500.0,0.0001,1.25,0.0
199694722,1599011382575,2020-09-02T01:49:42.575Z,BTC-1225,buy,12420.0,0.001,12.42,0.0
199697376,1599011494249,2020-09-02T01:51:34.249Z,BTC-1225,buy,12410.0,0.0002,2.482,0.0
199700781,1599011646466,2020-09-02T01:54:06.466Z,BTC-1225,buy,12400.0,0.0001,1.24,0.0
199707229,1599012006861,2020-09-02T02:00:06.861Z,BTC-1225,buy,12390.0,0.0002,2.478,0.0
199800931,1599015574526,2020-09-02T02:59:34.526Z,BTC-1225,buy,12370.0,0.0003,3.711,0.0
200199613,1599032785278,2020-09-02T07:46:25.278Z,BTC-1225,buy,12270.0,0.0016,19.632,0.0
200203823,1599033007944,2020-09-02T07:50:07.944Z,BTC-1225,buy,12260.0,0.0002,2.452,0.0
200208809,1599033115471,2020-09-02T07:51:55.471Z,BTC-1225,buy,12250.0,0.0002,2.45,0.0
200219925,1599033426553,2020-09-02T07:57:06.553Z,BTC-1225,buy,12240.0,0.0001,1.224,0.0
200222083,1599033484725,2020-09-02T07:58:04.725Z,BTC-1225,buy,12230.0,0.0002,2.446,0.0
200233495,1599033794753,2020-09-02T08:03:14.753Z,BTC-1225,buy,12220.0,0.0002,2.444,0.0
200343929,1599038185838,2020-09-02T09:16:25.838Z,BTC-1225,buy,12200.0,0.0003,3.6599999999999997,0.0
200349783,1599038532990,2020-09-02T09:22:12.990Z,BTC-1225,buy,12190.0,0.0002,2.438,0.0
200381995,1599040164635,2020-09-02T09:49:24.635Z,BTC-1225,sell,12210.0,0.0001,1.221,0.0
200391357,1599040651361,2020-09-02T09:57:31.361Z,BTC-1225,sell,12220.0,0.0002,2.444,0.0
200404715,1599041203959,2020-09-02T10:06:43.959Z,BTC-1225,buy,12180.0,0.0004,4.872,0.0
200412225,1599041478662,2020-09-02T10:11:18.662Z,BTC-1225,buy,12170.0,0.0002,2.434,0.0
200426555,1599042104430,2020-09-02T10:21:44.430Z,BTC-1225,buy,12160.0,0.0001,1.216,0.0
201050376,1599048944662,2020-09-02T12:15:44.662Z,BTC-1225,buy,11770.0,0.0067,78.85900000000001,0.0
201095156,1599049700610,2020-09-02T12:28:20.610Z,BTC-1225,buy,11740.0,0.0005,5.87,0.0
201544179,1599060703988,2020-09-02T15:31:43.988Z,BTC-1225,buy,11650.0,0.0015,17.475,0.0
201789340,1599066943812,2020-09-02T17:15:43.812Z,BTC-1225,buy,11640.0,0.0002,2.3280000000000003,0.0
201980350,1599075945641,2020-09-02T19:45:45.641Z,BTC-1225,sell,11690.0,0.0006,7.013999999999999,0.0
201983020,1599076122996,2020-09-02T19:48:42.996Z,BTC-1225,sell,11700.0,0.0002,2.3400000000000003,0.0
201988792,1599076517763,2020-09-02T19:55:17.763Z,BTC-1225,sell,11710.0,0.0001,1.171,0.0
201991078,1599076640723,2020-09-02T19:57:20.723Z,BTC-1225,sell,11720.0,0.0002,2.3440000000000003,0.0
202233781,1599090629583,2020-09-02T23:50:29.583Z,BTC-1225,sell,11740.0,0.0003,3.522,0.0
202460917,1599100232118,2020-09-03T02:30:32.118Z,BTC-1225,sell,11750.0,0.0002,2.35,0.0
202468827,1599100568947,2020-09-03T02:36:08.947Z,BTC-1225,sell,11760.0,0.0002,2.3520000000000003,0.0
202783477,1599111092230,2020-09-03T05:31:32.230Z,BTC-1225,buy,11640.0,0.0018,20.951999999999998,0.0
202793645,1599111464099,2020-09-03T05:37:44.099Z,BTC-1225,buy,11620.0,0.0004,4.648000000000001,0.0
202798219,1599111596430,2020-09-03T05:39:56.430Z,BTC-1225,buy,11610.0,0.0001,1.161,0.0
202803827,1599111739246,2020-09-03T05:42:19.246Z,BTC-1225,buy,11600.0,0.0002,2.3200000000000003,0.0
202808811,1599111866320,2020-09-03T05:44:26.320Z,BTC-1225,buy,11590.0,0.0001,1.159,0.0
202816717,1599112093002,2020-09-03T05:48:13.002Z,BTC-1225,buy,11580.0,0.0001,1.1580000000000001,0.0
202821999,1599112208210,2020-09-03T05:50:08.210Z,BTC-1225,sell,11610.0,0.0001,1.161,0.0
202838776,1599112850967,2020-09-03T06:00:50.967Z,BTC-1225,sell,11620.0,0.0002,2.3240000000000003,0.0
202881469,1599114517286,2020-09-03T06:28:37.286Z,BTC-1225,buy,11600.0,0.0001,1.1600000000000001,0.0
202907717,1599115207876,2020-09-03T06:40:07.876Z,BTC-1225,sell,11620.0,0.0001,1.1620000000000001,0.0
202909776,1599115282929,2020-09-03T06:41:22.929Z,BTC-1225,sell,11630.0,0.0001,1.163,0.00066291
203164188,1599122269243,2020-09-03T08:37:49.243Z,BTC-1225,sell,11690.0,0.0011,12.859,0.0
204007271,1599140872604,2020-09-03T13:47:52.604Z,BTC-1225,buy,11160.0,0.0003,3.348,0.00190836
204028820,1599141321965,2020-09-03T13:55:21.965Z,BTC-1225,buy,11180.0,0.0048,53.663999999999994,0.0
204030142,1599141348627,2020-09-03T13:55:48.627Z,BTC-1225,buy,11170.0,0.0001,1.117,0.0
204647800,1599154622369,2020-09-03T17:37:02.369Z,BTC-1225,buy,10990.0,0.0017,18.683,0.0
204718797,1599157025670,2020-09-03T18:17:05.670Z,BTC-1225,buy,10970.0,0.0001,1.097,0.0
204732195,1599157367356,2020-09-03T18:22:47.356Z,BTC-1225,buy,10960.0,0.0001,1.096,0.0
204734256,1599157432890,2020-09-03T18:23:52.890Z,BTC-1225,buy,10946.0,0.0001,1.0946,0.000623922
204735286,1599157461205,2020-09-03T18:24:21.205Z,BTC-1225,buy,10940.0,0.0001,1.094,0.0
204756108,1599157989526,2020-09-03T18:33:09.526Z,BTC-1225,sell,10970.0,0.0001,1.097,0.0
204777052,1599158878850,2020-09-03T18:47:58.850Z,BTC-1225,buy,10930.0,0.0002,2.186,0.0
204782328,1599159146983,2020-09-03T18:52:26.983Z,BTC-1225,buy,10920.0,0.0001,1.092,0.0
204787482,1599159371059,2020-09-03T18:56:11.059Z,BTC-1225,buy,10910.0,0.0001,1.091,0.0
204796368,1599159764907,2020-09-03T19:02:44.907Z,BTC-1225,buy,10900.0,0.0001,1.09,0.0
204817113,1599160414566,2020-09-03T19:13:34.566Z,BTC-1225,sell,10931.5,0.0001,1.09315,0.0006230955
204883773,1599163337635,2020-09-03T20:02:17.635Z,BTC-1225,sell,10940.0,0.0001,1.094,0.0
204884985,1599163385633,2020-09-03T20:03:05.633Z,BTC-1225,sell,10950.0,0.0001,1.095,0.0
204889365,1599163528918,2020-09-03T20:05:28.918Z,BTC-1225,sell,10980.0,0.0003,3.2939999999999996,0.0
205052736,1599171453034,2020-09-03T22:17:33.034Z,BTC-1225,buy,10950.0,0.0001,1.095,0.0
205059606,1599171629085,2020-09-03T22:20:29.085Z,BTC-1225,buy,10930.0,0.0002,2.186,0.0
205065238,1599171801368,2020-09-03T22:23:21.368Z,BTC-1225,buy,10920.0,0.0001,1.092,0.0
205632429,1599179672171,2020-09-04T00:34:32.171Z,BTC-1225,buy,10420.0,0.0048,50.016,0.0
206467804,1599205905366,2020-09-04T07:51:45.366Z,BTC-1225,sell,10460.0,0.0002,2.092,0.0
207018210,1599218405366,2020-09-04T11:20:05.366Z,BTC-1225,sell,10611.0,0.0014,14.8554,0.008467578
207021511,1599218443197,2020-09-04T11:20:43.197Z,BTC-1225,sell,10630.0,0.0002,2.126,0.0
207032131,1599218658012,2020-09-04T11:24:18.012Z,BTC-1225,sell,10640.0,0.0001,1.064,0.0
208297296,1599255317022,2020-09-04T21:35:17.022Z,BTC-1225,sell,10740.0,0.0009,9.666,0.0
208305572,1599255856117,2020-09-04T21:44:16.117Z,BTC-1225,sell,10750.0,0.0001,1.075,0.0
210280522,1599311882088,2020-09-05T13:18:02.088Z,BTC-1225,buy,10300.0,0.0042,43.26,0.0
210627863,1599320784557,2020-09-05T15:46:24.557Z,BTC-1225,sell,10420.0,0.001,10.42,0.0
210637357,1599321096058,2020-09-05T15:51:36.058Z,BTC-1225,sell,10440.0,0.0002,2.088,0.0
210894672,1599326112680,2020-09-05T17:15:12.680Z,BTC-1225,buy,10370.0,0.0005,5.1850000000000005,0.0
210894996,1599326121738,2020-09-05T17:15:21.738Z,BTC-1225,buy,10360.0,0.0001,1.036,0.0
210895510,1599326139346,2020-09-05T17:15:39.346Z,BTC-1225,buy,10350.0,0.0001,1.0350000000000001,0.0
210906172,1599326313786,2020-09-05T17:18:33.786Z,BTC-1225,buy,10300.0,0.0005,5.15,0.0
210917316,1599326467845,2020-09-05T17:21:07.845Z,BTC-1225,buy,10280.0,0.0002,2.056,0.0
210930718,1599326688747,2020-09-05T17:24:48.747Z,BTC-1225,buy,10270.0,0.0001,1.0270000000000001,0.0
211446826,1599333525132,2020-09-05T19:18:45.132Z,BTC-1225,buy,10150.0,0.0011,11.165000000000001,0.0
211456697,1599333675038,2020-09-05T19:21:15.038Z,BTC-1225,buy,10110.0,0.0004,4.0440000000000005,0.0
211485277,1599334041898,2020-09-05T19:27:21.898Z,BTC-1225,buy,10090.0,0.0002,2.0180000000000002,0.0
211495405,1599334149070,2020-09-05T19:29:09.070Z,BTC-1225,buy,10050.0,0.0004,4.0200000000000005,0.0
211495771,1599334152682,2020-09-05T19:29:12.682Z,BTC-1225,buy,10050.0,0.0004,4.0200000000000005,0.0
211521259,1599334381617,2020-09-05T19:33:01.617Z,BTC-1225,sell,10040.0,0.0001,1.004,0.0
211529185,1599334472567,2020-09-05T19:34:32.567Z,BTC-1225,sell,10063.5,0.0002,2.0127,0.001147239
211561096,1599334952176,2020-09-05T19:42:32.176Z,BTC-1225,sell,10082.5,0.0002,2.0165,0.001149405
211562983,1599334968096,2020-09-05T19:42:48.096Z,BTC-1225,sell,10100.0,0.0002,2.02,0.0
211569769,1599335029047,2020-09-05T19:43:49.047Z,BTC-1225,sell,10120.0,0.0002,2.024,0.0
211869225,1599340892246,2020-09-05T21:21:32.246Z,BTC-1225,sell,10180.0,0.0005,5.09,0.0
211872014,1599340993903,2020-09-05T21:23:13.903Z,BTC-1225,sell,10190.0,0.0001,1.0190000000000001,0.0
211884237,1599341375227,2020-09-05T21:29:35.227Z,BTC-1225,sell,10200.0,0.0001,1.02,0.0
212362907,1599356419144,2020-09-06T01:40:19.144Z,BTC-1225,sell,10300.0,0.001,10.3,0.0
212574037,1599363371178,2020-09-06T03:36:11.178Z,BTC-1225,sell,10310.0,0.0001,1.0310000000000001,0.0
212577395,1599363511792,2020-09-06T03:38:31.792Z,BTC-1225,sell,10320.0,0.0001,1.032,0.0
212845917,1599371287837,2020-09-06T05:48:07.837Z,BTC-1225,buy,10250.0,0.0005,5.125,0.0
213298525,1599381303737,2020-09-06T08:35:03.737Z,BTC-1225,sell,10360.0,0.0009,9.324,0.0
213308263,1599381495445,2020-09-06T08:38:15.445Z,BTC-1225,sell,10380.0,0.0002,2.076,0.0
213322915,1599381830213,2020-09-06T08:43:50.213Z,BTC-1225,sell,10390.0,0.0001,1.0390000000000001,0.0
214005953,1599401925008,2020-09-06T14:18:45.008Z,BTC-1225,buy,10350.0,0.0002,2.0700000000000003,0.0
214012247,1599402070358,2020-09-06T14:21:10.358Z,BTC-1225,buy,10340.0,0.0001,1.034,0.0
214049387,1599403306164,2020-09-06T14:41:46.164Z,BTC-1225,buy,10320.0,0.0002,2.064,0.0
214121193,1599405459729,2020-09-06T15:17:39.729Z,BTC-1225,buy,10300.0,0.0002,2.06,0.0
214132559,1599405846930,2020-09-06T15:24:06.930Z,BTC-1225,buy,10290.0,0.0001,1.0290000000000001,0.0
214140441,1599406087201,2020-09-06T15:28:07.201Z,BTC-1225,buy,10280.0,0.0001,1.028,0.0
214161655,1599406633303,2020-09-06T15:37:13.303Z,BTC-1225,sell,10310.0,0.0001,1.0310000000000001,0.0
214170317,1599406957019,2020-09-06T15:42:37.019Z,BTC-1225,sell,10320.0,0.0001,1.032,0.0
214232965,1599408989583,2020-09-06T16:16:29.583Z,BTC-1225,sell,10330.0,0.0001,1.0330000000000001,0.0
214233068,1599408990957,2020-09-06T16:16:30.957Z,BTC-1225,sell,10333.5,0.0001,1.03335,0.0005890095
214244582,1599409243474,2020-09-06T16:20:43.474Z,BTC-1225,sell,10360.0,0.0002,2.072,0.0
214261152,1599409810054,2020-09-06T16:30:10.054Z,BTC-1225,sell,10380.0,0.0002,2.076,0.0
214735488,1599431145042,2020-09-06T22:25:45.042Z,BTC-1225,sell,10430.0,0.0005,5.215,0.0
214863668,1599436519460,2020-09-06T23:55:19.460Z,BTC-1225,buy,10390.0,0.0002,2.0780000000000003,0.0
215158163,1599451387034,2020-09-07T04:03:07.034Z,BTC-1225,buy,10350.0,0.0004,4.140000000000001,0.0
215178597,1599452544098,2020-09-07T04:22:24.098Z,BTC-1225,sell,10390.0,0.0002,2.0780000000000003,0.0
215189545,1599453204209,2020-09-07T04:33:24.209Z,BTC-1225,sell,10400.0,0.0001,1.04,0.0
215449723,1599463074812,2020-09-07T07:17:54.812Z,BTC-1225,buy,10290.0,0.0009,9.261,0.0
215595293,1599469425997,2020-09-07T09:03:45.997Z,BTC-1225,sell,10340.0,0.0003,3.102,0.0
216531964,1599492855423,2020-09-07T15:34:15.423Z,BTC-1225,buy,10309.5,0.0001,1.03095,0.0005876415
216751487,1599499883841,2020-09-07T17:31:23.841Z,BTC-1225,sell,10400.0,0.0007,7.28,0.0041496
216847426,1599505049713,2020-09-07T18:57:29.713Z,BTC-1225,buy,10370.0,0.0001,1.0370000000000001,0.0
217036419,1599516158109,2020-09-07T22:02:38.109Z,BTC-1225,sell,10400.0,0.0001,1.04,0.0
217047789,1599516721615,2020-09-07T22:12:01.615Z,BTC-1225,sell,10410.0,0.0001,1.0410000000000001,0.0
217303390,1599526710492,2020-09-08T00:58:30.492Z,BTC-1225,sell,10540.0,0.0012,12.648,0.0
217483780,1599539186447,2020-09-08T04:26:26.447Z,BTC-1225,buy,10510.0,0.0001,1.0510000000000002,0.0
217487782,1599539326710,2020-09-08T04:28:46.710Z,BTC-1225,buy,10480.0,0.0003,3.1439999999999997,0.0
217632954,1599546726262,2020-09-08T06:32:06.262Z,BTC-1225,buy,10470.0,0.0001,1.0470000000000002,0.0
217637196,1599546881647,2020-09-08T06:34:41.647Z,BTC-1225,buy,10450.0,0.0002,2.0900000000000003,0.0
217783671,1599553451655,2020-09-08T08:24:11.655Z,BTC-1225,buy,10440.0,0.0001,1.044,0.0
217787753,1599553593900,2020-09-08T08:26:33.900Z,BTC-1225,buy,10430.0,0.0001,1.0430000000000001,0.0
217795996,1599553901686,2020-09-08T08:31:41.686Z,BTC-1225,buy,10420.0,0.0001,1.042,0.0
218067517,1599563057815,2020-09-08T11:04:17.815Z,BTC-1225,buy,10230.0,0.0018,18.413999999999998,0.0
218073706,1599563358179,2020-09-08T11:09:18.179Z,BTC-1225,buy,10197.5,0.0003,3.0592499999999996,0.0017437725
218075099,1599563401645,2020-09-08T11:10:01.645Z,BTC-1225,buy,10190.0,0.0001,1.0190000000000001,0.0
218083925,1599563708180,2020-09-08T11:15:08.180Z,BTC-1225,buy,10180.0,0.0001,1.018,0.0
218262612,1599569220247,2020-09-08T12:47:00.247Z,BTC-1225,buy,10150.0,0.0003,3.045,0.0
218598358,1599580542926,2020-09-08T15:55:42.926Z,BTC-1225,sell,10250.0,0.0008,8.200000000000001,0.0
218602676,1599580762998,2020-09-08T15:59:22.998Z,BTC-1225,sell,10270.0,0.0002,2.0540000000000003,0.0
218699429,1599586388562,2020-09-08T17:33:08.562Z,BTC-1225,sell,10320.0,0.0004,4.128,0.0
218701177,1599586518335,2020-09-08T17:35:18.335Z,BTC-1225,sell,10330.0,0.0001,1.0330000000000001,0.0
218872679,1599593496904,2020-09-08T19:31:36.904Z,BTC-1225,buy,10233.0,0.0006,6.139799999999999,0.003499686
218873486,1599593535480,2020-09-08T19:32:15.480Z,BTC-1225,buy,10230.0,0.0001,1.0230000000000001,0.0
218876692,1599593681386,2020-09-08T19:34:41.386Z,BTC-1225,buy,10210.0,0.0002,2.0420000000000003,0.0
218888550,1599594254289,2020-09-08T19:44:14.289Z,BTC-1225,buy,10200.0,0.0001,1.02,0.0
219023134,1599602610849,2020-09-08T22:03:30.849Z,BTC-1225,buy,10190.0,0.0001,1.0190000000000001,0.0
219032298,1599602962591,2020-09-08T22:09:22.591Z,BTC-1225,buy,10170.0,0.0002,2.0340000000000003,0.0
219034516,1599603006982,2020-09-08T22:10:06.982Z,BTC-1225,buy,10150.0,0.0002,2.0300000000000002,0.0
219038039,1599603093570,2020-09-08T22:11:33.570Z,BTC-1225,buy,10140.0,0.0001,1.014,0.0
219374953,1599614193398,2020-09-09T01:16:33.398Z,BTC-1225,sell,10300.0,0.0013,13.389999999999999,0.0
219428645,1599617750975,2020-09-09T02:15:50.975Z,BTC-1225,buy,10270.0,0.0001,1.0270000000000001,0.0
219536934,1599623150788,2020-09-09T03:45:50.788Z,BTC-1225,buy,10190.0,0.0007,7.133,0.0
219539786,1599623382592,2020-09-09T03:49:42.592Z,BTC-1225,buy,10180.0,0.0001,1.018,0.0
219672551,1599631216450,2020-09-09T06:00:16.450Z,BTC-1225,sell,10275.0,0.0006,6.164999999999999,0.00351405
219672872,1599631237195,2020-09-09T06:00:37.195Z,BTC-1225,sell,10280.0,0.0001,1.028,0.0
219836950,1599640231582,2020-09-09T08:30:31.582Z,BTC-1225,sell,10340.5,0.0006,6.204299999999999,0.003536451
219837845,1599640288796,2020-09-09T08:31:28.796Z,BTC-1225,sell,10350.0,0.0001,1.0350000000000001,0.0
220062982,1599650284615,2020-09-09T11:18:04.615Z,BTC-1225,buy,10429.5,0.0141,147.05595,0.0838218915
220063597,1599650299848,2020-09-09T11:18:19.848Z,BTC-1225,buy,10420.0,0.0002,2.084,0.0
220087411,1599651177851,2020-09-09T11:32:57.851Z,BTC-1225,buy,10410.0,0.0002,2.0820000000000003,0.0
220314925,1599661174308,2020-09-09T14:19:34.308Z,BTC-1225,sell,10440.0,0.0003,3.1319999999999997,0.0
220324880,1599661636457,2020-09-09T14:27:16.457Z,BTC-1225,sell,10451.5,0.0002,2.0903,0.001191471
220329561,1599661822810,2020-09-09T14:30:22.810Z,BTC-1225,sell,10460.0,0.0002,2.092,0.0
220342201,1599662196872,2020-09-09T14:36:36.872Z,BTC-1225,buy,10440.0,0.0001,1.044,0.0
220344923,1599662273670,2020-09-09T14:37:53.670Z,BTC-1225,buy,10430.0,0.0002,2.0860000000000003,0.0
220533916,1599667525099,2020-09-09T16:05:25.099Z,BTC-1225,sell,10457.5,0.0001,1.04575,0.0005960775
220662055,1599671482138,2020-09-09T17:11:22.138Z,BTC-1225,buy,10430.0,0.0001,1.0430000000000001,0.0
220663749,1599671553293,2020-09-09T17:12:33.293Z,BTC-1225,buy,10420.0,0.0002,2.084,0.0
220882172,1599680277250,2020-09-09T19:37:57.250Z,BTC-1225,sell,10510.0,0.0015,15.765,0.0
221045751,1599688112623,2020-09-09T21:48:32.623Z,BTC-1225,buy,10430.0,0.0013,13.559,0.0
221047937,1599688225507,2020-09-09T21:50:25.507Z,BTC-1225,buy,10420.0,0.0002,2.084,0.0
221058311,1599688816690,2020-09-09T22:00:16.690Z,BTC-1225,buy,10410.0,0.0002,2.0820000000000003,0.0
221069653,1599689330869,2020-09-09T22:08:50.869Z,BTC-1225,sell,10430.0,0.0001,1.0430000000000001,0.0
221078569,1599689920759,2020-09-09T22:18:40.759Z,BTC-1225,sell,10440.0,0.0002,2.088,0.0
221311903,1599700093904,2020-09-10T01:08:13.904Z,BTC-1225,sell,10470.0,0.0006,6.281999999999999,0.0
221321231,1599700668167,2020-09-10T01:17:48.167Z,BTC-1225,sell,10480.0,0.0002,2.096,0.0
221559856,1599708808765,2020-09-10T03:33:28.765Z,BTC-1225,sell,10550.0,0.0013,13.715,0.0
221701208,1599715133207,2020-09-10T05:18:53.207Z,BTC-1225,sell,10560.0,0.0002,2.112,0.0
221707536,1599715419965,2020-09-10T05:23:39.965Z,BTC-1225,sell,10570.0,0.0002,2.1140000000000003,0.0
221992757,1599727901531,2020-09-10T08:51:41.531Z,BTC-1225,buy,10460.0,0.0018,18.828,0.0
221995565,1599728046155,2020-09-10T08:54:06.155Z,BTC-1225,buy,10450.0,0.0002,2.0900000000000003,0.0
222003727,1599728402495,2020-09-10T09:00:02.495Z,BTC-1225,buy,10440.0,0.0002,2.088,0.0
222211251,1599738444863,2020-09-10T11:47:24.863Z,BTC-1225,sell,10460.0,0.0001,1.046,0.0
222212585,1599738479028,2020-09-10T11:47:59.028Z,BTC-1225,sell,10470.0,0.0002,2.0940000000000003,0.0
222222073,1599738800551,2020-09-10T11:53:20.551Z,BTC-1225,sell,10480.0,0.0002,2.096,0.0
222553425,1599749228135,2020-09-10T14:47:08.135Z,BTC-1225,sell,10560.0,0.0015,15.84,0.0
222566015,1599749457403,2020-09-10T14:50:57.403Z,BTC-1225,sell,10570.0,0.0002,2.1140000000000003,0.0
222724712,1599754240167,2020-09-10T16:10:40.167Z,BTC-1225,buy,10550.0,0.0001,1.0550000000000002,0.0
222726742,1599754292194,2020-09-10T16:11:32.194Z,BTC-1225,buy,10540.0,0.0002,2.108,0.0
222738942,1599754650916,2020-09-10T16:17:30.916Z,BTC-1225,buy,10530.0,0.0002,2.1060000000000003,0.0
222857122,1599758634474,2020-09-10T17:23:54.474Z,BTC-1225,buy,10520.0,0.0002,2.104,0.0
222923118,1599762179054,2020-09-10T18:22:59.054Z,BTC-1225,buy,10510.0,0.0002,2.1020000000000003,0.0
222926548,1599762271195,2020-09-10T18:24:31.195Z,BTC-1225,buy,10490.0,0.0004,4.196000000000001,0.0
222933494,1599762446013,2020-09-10T18:27:26.013Z,BTC-1225,buy,10470.0,0.0004,4.188000000000001,0.0
223067707,1599767363992,2020-09-10T19:49:23.992Z,BTC-1225,buy,10430.0,0.0007,7.301,0.0
223096875,1599768715348,2020-09-10T20:11:55.348Z,BTC-1225,sell,10450.0,0.0001,1.0450000000000002,0.0
223106395,1599768995631,2020-09-10T20:16:35.631Z,BTC-1225,sell,10480.0,0.0005,5.24,0.0
223434695,1599787550058,2020-09-11T01:25:50.058Z,BTC-1225,sell,10490.0,0.0002,2.0980000000000003,0.0
223695186,1599798701147,2020-09-11T04:31:41.147Z,BTC-1225,buy,10400.0,0.0014,14.56,0.0
223697288,1599798826630,2020-09-11T04:33:46.630Z,BTC-1225,buy,10390.0,0.0002,2.0780000000000003,0.0
223700912,1599799061284,2020-09-11T04:37:41.284Z,BTC-1225,buy,10380.0,0.0002,2.076,0.0
223714994,1599799833142,2020-09-11T04:50:33.142Z,BTC-1225,buy,10370.0,0.0002,2.0740000000000003,0.0
223824410,1599805884992,2020-09-11T06:31:24.992Z,BTC-1225,sell,10410.0,0.0005,5.205,0.0
223839020,1599806886929,2020-09-11T06:48:06.929Z,BTC-1225,sell,10420.0,0.0002,2.084,0.0
223912548,1599811156759,2020-09-11T07:59:16.759Z,BTC-1225,sell,10440.0,0.0004,4.176,0.0
224101794,1599819338393,2020-09-11T10:15:38.393Z,BTC-1225,sell,10500.0,0.0011,11.55,0.0065835
224188889,1599824156830,2020-09-11T11:35:56.830Z,BTC-1225,buy,10470.0,0.0003,3.1409999999999996,0.0
224204535,1599824856591,2020-09-11T11:47:36.591Z,BTC-1225,buy,10460.0,0.0002,2.092,0.0
224343346,1599832049711,2020-09-11T13:47:29.711Z,BTC-1225,sell,10500.5,0.0005,5.25025,0.0029926425
224743028,1599847330214,2020-09-11T18:02:10.214Z,BTC-1225,buy,10480.0,0.0001,1.048,0.0
224836822,1599852744510,2020-09-11T19:32:24.510Z,BTC-1225,sell,10520.0,0.0005,5.26,0.0
225094359,1599866664772,2020-09-11T23:24:24.772Z,BTC-1225,sell,10550.0,0.0006,6.329999999999999,0.0
225104135,1599867155371,2020-09-11T23:32:35.371Z,BTC-1225,sell,10560.0,0.0001,1.056,0.0
225377312,1599881453982,2020-09-12T03:30:53.982Z,BTC-1225,buy,10530.0,0.0002,2.1060000000000003,0.0
225380908,1599881711831,2020-09-12T03:35:11.831Z,BTC-1225,buy,10520.0,0.0002,2.104,0.0
225621203,1599896577588,2020-09-12T07:42:57.588Z,BTC-1225,buy,10510.0,0.0002,2.1020000000000003,0.0
225654285,1599898309496,2020-09-12T08:11:49.496Z,BTC-1225,buy,10500.0,0.0002,2.1,0.0
225821860,1599907881021,2020-09-12T10:51:21.021Z,BTC-1225,sell,10530.0,0.0003,3.159,0.0
225897832,1599912628927,2020-09-12T12:10:28.927Z,BTC-1225,buy,10510.0,0.0001,1.0510000000000002,0.0
225902478,1599912789095,2020-09-12T12:13:09.095Z,BTC-1225,buy,10500.0,0.0002,2.1,0.0
225902680,1599912795734,2020-09-12T12:13:15.734Z,BTC-1225,buy,10500.0,0.0002,2.1,0.0
226218502,1599927782651,2020-09-12T16:23:02.651Z,BTC-1225,sell,10520.0,0.0003,3.1559999999999997,0.0
226240210,1599929211668,2020-09-12T16:46:51.668Z,BTC-1225,sell,10530.0,0.0002,2.1060000000000003,0.0
226459201,1599939019369,2020-09-12T19:30:19.369Z,BTC-1225,sell,10621.0,0.0015,15.9315,0.009080955
226468100,1599939566513,2020-09-12T19:39:26.513Z,BTC-1225,sell,10630.0,0.0004,4.252,0.0
226475918,1599939943619,2020-09-12T19:45:43.619Z,BTC-1225,sell,10640.0,0.0001,1.064,0.0
226659003,1599951725608,2020-09-12T23:02:05.608Z,BTC-1225,buy,10610.0,0.0002,2.122,0.0
226681035,1599953272806,2020-09-12T23:27:52.806Z,BTC-1225,buy,10600.0,0.0002,2.12,0.0
226903409,1599964145878,2020-09-13T02:29:05.878Z,BTC-1225,sell,10620.0,0.0001,1.062,0.0
227164244,1599976471229,2020-09-13T05:54:31.229Z,BTC-1225,sell,10730.0,0.002,21.46,0.0
227931572,1600004429948,2020-09-13T13:40:29.948Z,BTC-1225,buy,10480.0,0.0045,47.16,0.0
227935006,1600004514510,2020-09-13T13:41:54.510Z,BTC-1225,buy,10470.0,0.0001,1.0470000000000002,0.0
228035843,1600009507636,2020-09-13T15:05:07.636Z,BTC-1225,buy,10460.0,0.0002,2.092,0.0
228096356,1600011925355,2020-09-13T15:45:25.355Z,BTC-1225,buy,10450.0,0.0002,2.0900000000000003,0.0
